seller_id,spike_type,n_orders,duration_days,ramp_rate_vs_baseline,pct_new_buyers,n_distinct_states,geo_entropy,mean_delivery_days,std_delivery_days,return_rate,refund_claim_speed_days,refund_claim_speed_std
1737,organic,23,4,3.774,0.388,11,2.299,10.226,9.838,0.001,9.715,4.587
1431,anomalous,17,1,19.148,1.0,2,0.492,0.825,0.138,0.95,0.978,0.167
43,anomalous,80,1,43.165,0.969,1,0.151,0.354,0.282,0.914,0.366,0.165
1738,organic,16,2,4.694,0.336,14,3.442,14.422,8.578,0.009,14.961,5.405
891,organic,29,5,3.298,0.399,14,3.08,13.311,9.684,0.0,8.963,5.094
2235,organic,29,4,4.624,0.395,8,1.505,13.606,9.961,0.035,9.034,3.427
16,organic,17,5,3.704,0.537,14,3.212,12.088,9.574,0.036,10.212,5.316
2600,organic,10,2,3.908,0.364,7,2.116,10.654,6.924,0.046,12.767,4.56
1864,organic,14,4,3.038,0.412,6,1.457,14.088,8.622,0.1,10.227,3.246
1414,organic,22,4,4.812,0.636,8,1.846,11.532,6.476,0.0,12.131,3.811
2206,organic,9,2,3.118,0.512,14,3.737,10.439,8.943,0.099,9.823,5.913
934,organic,9,2,2.809,0.331,6,1.819,7.091,9.897,0.032,11.53,5.238
2905,anomalous,35,1,34.672,0.851,1,0.205,1.429,0.447,0.869,0.439,0.158
573,organic,8,2,2.706,0.531,13,3.659,10.256,8.681,0.0,14.506,4.092
1899,organic,12,5,2.833,0.527,10,2.656,14.238,8.839,0.039,14.247,5.874
1919,organic,21,5,3.469,0.374,9,1.845,7.121,6.125,0.016,11.558,5.799
1592,organic,21,4,2.926,0.522,7,1.501,13.004,9.527,0.032,12.427,4.136
1559,organic,11,4,2.732,0.475,13,3.822,9.638,7.904,0.031,10.8,4.64
214,anomalous,68,2,18.868,0.882,2,0.296,1.338,0.341,0.979,0.188,0.119
2672,organic,8,2,3.463,0.5,12,3.394,8.037,9.299,0.082,12.388,3.688
692,organic,24,3,4.443,0.514,9,1.759,12.828,9.213,0.096,10.444,3.733
1288,anomalous,107,1,54.905,0.897,2,0.319,1.327,0.332,0.865,0.994,0.123
1094,anomalous,58,1,38.963,0.907,2,0.351,0.367,0.271,0.965,0.735,0.05
1435,anomalous,59,1,43.072,0.987,1,0.154,0.158,0.42,0.772,0.474,0.074
1081,organic,12,2,4.906,0.339,7,1.93,14.663,6.491,0.026,10.421,3.676
1865,organic,11,2,3.842,0.4,9,2.461,12.99,8.483,0.037,8.83,4.735
203,organic,8,3,2.689,0.463,8,2.392,12.496,8.699,0.04,10.487,4.047
320,organic,8,3,4.382,0.36,7,2.303,9.267,6.281,0.049,14.412,3.936
1736,organic,28,5,3.996,0.486,6,1.215,9.646,8.782,0.003,11.188,4.609
342,anomalous,200,2,46.849,0.94,2,0.266,0.058,0.13,0.905,0.396,0.131
1724,organic,21,5,2.355,0.382,5,1.2,14.233,8.781,0.044,12.214,4.287
1929,organic,16,2,4.12,0.559,11,2.629,9.547,6.406,0.0,8.5,5.781
1953,organic,25,4,3.47,0.416,5,1.148,9.874,7.945,0.01,14.918,5.677
1425,anomalous,75,2,36.659,0.886,1,0.156,1.078,0.252,0.915,0.419,0.26
1442,organic,17,4,2.836,0.441,5,1.077,9.526,6.734,0.008,9.889,3.555
1478,organic,10,3,4.057,0.422,4,1.096,12.327,7.179,0.037,8.886,5.655
870,organic,10,2,3.366,0.5,9,2.619,11.959,7.642,0.021,11.204,5.793
2806,anomalous,46,1,26.105,0.944,1,0.169,1.767,0.375,0.8,0.796,0.156
1027,organic,10,2,3.907,0.413,4,1.016,12.093,9.313,0.055,11.838,4.736
2793,anomalous,21,1,16.095,1.0,2,0.415,0.511,0.283,0.928,0.565,0.135
189,anomalous,69,1,39.546,0.832,2,0.316,1.505,0.34,1.0,0.545,0.125
236,anomalous,78,1,52.75,0.818,2,0.301,1.002,0.247,0.814,0.516,0.132
2785,anomalous,95,1,53.211,0.947,2,0.285,0.748,0.284,0.768,0.961,0.119
693,organic,15,4,4.315,0.376,7,1.682,13.879,7.026,0.04,8.781,5.956
671,organic,25,4,2.992,0.364,8,1.583,9.908,7.736,0.018,11.74,3.472
1667,anomalous,103,2,38.175,0.942,1,0.153,1.464,0.159,0.954,0.265,0.182
1056,organic,14,4,3.926,0.483,12,2.957,8.766,6.584,0.007,8.706,5.59
1128,organic,15,5,4.249,0.425,5,1.25,10.791,8.466,0.018,8.78,5.354
893,organic,27,4,3.538,0.324,11,2.071,12.007,9.978,0.015,14.607,3.503
997,anomalous,15,1,18.124,1.0,1,0.25,0.672,0.365,0.869,0.218,0.106
2127,organic,19,4,4.081,0.432,5,1.193,10.963,8.566,0.004,9.933,5.264
1922,anomalous,45,2,30.348,0.891,2,0.355,0.988,0.246,0.777,0.785,0.195
1745,anomalous,22,1,23.349,0.938,2,0.414,1.013,0.314,0.846,0.105,0.212
1336,anomalous,20,1,20.364,0.847,2,0.472,0.703,0.2,0.788,0.232,0.114
294,organic,20,5,3.699,0.395,8,1.946,10.939,9.988,0.008,12.541,5.904
1681,organic,51,5,5.215,0.298,12,2.055,10.081,6.849,0.068,14.555,3.467
2773,organic,13,2,4.577,0.399,4,1.102,11.428,6.434,0.0,12.915,4.247
321,organic,8,2,3.613,0.524,5,1.507,12.249,8.712,0.0,14.069,4.094
522,organic,19,5,3.879,0.413,7,1.642,9.831,9.067,0.052,8.307,4.319
1124,anomalous,146,2,44.206,0.987,1,0.151,0.984,0.354,0.907,0.229,0.098
2626,organic,32,4,3.51,0.325,9,1.71,9.619,6.624,0.089,12.345,5.68
523,anomalous,43,1,50.559,0.967,1,0.169,0.551,0.458,0.758,0.896,0.241
2501,organic,8,3,2.905,0.462,12,3.566,10.14,9.31,0.021,10.683,5.28
1160,organic,15,5,2.534,0.333,6,1.447,10.893,9.795,0.009,11.398,5.25
1620,anomalous,32,2,16.711,0.916,1,0.179,0.39,0.172,0.892,0.925,0.096
478,organic,13,5,4.03,0.505,11,2.896,9.646,9.925,0.088,13.383,4.517
518,anomalous,163,2,42.659,0.891,1,0.128,0.685,0.376,0.747,0.768,0.109
1786,organic,26,4,4.733,0.478,6,1.329,11.404,9.309,0.014,13.19,4.094
2048,organic,17,3,3.156,0.486,10,2.437,11.08,9.15,0.051,10.765,5.773
2683,anomalous,73,2,22.281,0.909,2,0.309,0.477,0.12,0.917,0.43,0.159
2765,anomalous,48,1,29.306,0.939,2,0.346,2.169,0.13,0.855,0.57,0.244
1192,anomalous,59,2,24.136,0.954,2,0.325,0.613,0.22,0.871,0.12,0.076
1770,anomalous,183,2,46.607,0.895,2,0.27,1.158,0.362,0.839,0.649,0.085
120,organic,13,3,3.231,0.518,14,3.51,9.914,9.915,0.047,11.456,5.913
2630,anomalous,67,1,37.016,0.883,2,0.316,0.859,0.39,1.0,0.119,0.084
1537,organic,28,4,4.984,0.401,13,2.792,10.011,7.66,0.032,10.289,5.078
967,organic,15,2,4.627,0.518,13,2.975,12.421,8.371,0.045,12.202,3.407
10,organic,10,2,3.554,0.411,14,3.583,11.394,7.785,0.037,10.111,4.891
2629,anomalous,74,1,48.606,0.917,2,0.304,0.347,0.161,0.967,0.961,0.209
2769,organic,26,5,2.508,0.303,14,3.197,9.924,7.033,0.016,9.578,5.479
2223,organic,14,2,4.756,0.34,9,2.098,13.52,9.839,0.037,12.353,4.56
2201,organic,18,3,3.596,0.33,12,2.977,8.123,6.633,0.0,14.38,5.289
948,organic,21,4,3.473,0.303,7,1.478,10.154,7.959,0.076,10.51,3.496
1464,organic,14,3,3.32,0.434,7,1.63,9.125,6.165,0.023,8.676,3.185
2924,organic,8,3,2.908,0.468,11,3.132,11.292,6.067,0.071,12.898,4.825
2752,organic,12,3,3.26,0.374,6,1.716,9.195,9.407,0.04,9.288,5.254
1826,anomalous,68,1,37.759,0.851,1,0.149,1.271,0.478,0.945,0.518,0.29
393,anomalous,42,2,15.849,1.0,2,0.345,1.534,0.326,0.778,0.658,0.167
603,organic,26,4,3.925,0.37,7,1.42,10.319,6.386,0.075,11.588,4.42
1481,anomalous,117,2,42.208,0.862,1,0.132,0.874,0.395,0.807,0.321,0.213
791,organic,12,3,4.941,0.398,8,1.945,10.583,9.78,0.018,8.833,5.369
1728,anomalous,77,2,17.785,0.897,1,0.158,0.666,0.41,0.919,0.261,0.096
1034,organic,10,3,4.211,0.345,13,3.746,7.53,8.678,0.059,14.043,5.353
151,organic,19,3,4.783,0.546,6,1.333,10.693,7.72,0.028,9.771,5.327
912,anomalous,35,1,29.521,0.918,2,0.387,1.017,0.368,0.82,0.503,0.225
1912,organic,11,2,3.441,0.383,6,1.512,8.047,9.963,0.123,10.81,3.237
1224,organic,14,4,2.666,0.325,11,2.952,10.184,7.73,0.083,8.661,5.001
2713,organic,8,2,4.405,0.334,6,1.887,13.404,9.755,0.031,13.444,5.921
2864,anomalous,54,1,52.082,0.887,1,0.171,2.297,0.308,0.804,0.907,0.23
2344,anomalous,128,2,37.129,0.905,1,0.132,0.643,0.496,0.755,0.598,0.092
2866,organic,11,3,4.411,0.455,6,1.498,13.044,6.925,0.077,9.197,3.476
520,organic,13,4,3.397,0.364,6,1.48,11.855,7.273,0.004,12.349,4.88
224,organic,15,4,3.271,0.403,6,1.474,9.592,8.136,0.059,10.652,4.763
195,organic,25,4,3.304,0.543,9,1.811,7.067,8.697,0.03,8.499,4.426
1771,organic,37,4,4.288,0.45,13,2.218,10.264,8.003,0.0,11.745,5.026
1099,organic,16,3,4.271,0.591,4,0.888,11.634,7.802,0.025,8.517,3.673
2302,anomalous,87,2,26.957,0.925,1,0.167,1.477,0.332,0.835,0.932,0.092
1188,organic,12,2,3.898,0.495,8,2.098,8.681,9.584,0.013,12.415,5.059
1256,organic,20,4,4.399,0.458,4,0.945,9.471,6.303,0.03,11.888,5.841
1113,organic,36,5,4.431,0.562,10,2.002,11.416,9.561,0.021,11.493,3.377
1082,anomalous,152,2,39.486,1.0,2,0.281,0.824,0.468,0.819,0.282,0.228
463,organic,16,4,3.879,0.32,10,2.434,9.898,6.119,0.053,14.314,5.494
1649,organic,17,5,4.449,0.44,13,3.242,10.186,6.846,0.086,14.415,4.948
1894,anomalous,67,2,22.038,0.935,1,0.171,0.0,0.499,0.982,0.163,0.191
1748,organic,9,2,3.187,0.528,14,4.357,11.117,9.808,0.0,9.316,4.851
1793,organic,11,3,3.068,0.494,9,2.314,11.59,9.878,0.01,8.603,3.635
836,organic,23,5,3.927,0.364,10,1.948,9.696,9.892,0.078,12.689,4.355
1692,organic,8,2,2.768,0.551,14,3.801,17.245,6.971,0.0,11.006,5.487
2164,anomalous,98,2,27.902,0.856,1,0.156,1.508,0.226,0.973,0.714,0.192
1683,organic,8,2,2.877,0.353,14,4.331,10.489,6.987,0.0,12.706,4.196
507,organic,22,5,3.907,0.41,12,2.48,10.968,7.086,0.056,12.635,3.346
794,organic,16,3,4.143,0.577,13,3.273,14.019,6.386,0.027,9.385,3.848
2770,organic,26,4,4.658,0.573,12,2.697,10.017,6.03,0.0,14.984,5.202
1986,organic,18,3,4.513,0.441,6,1.288,10.934,8.162,0.005,11.192,5.785
549,organic,8,2,3.715,0.401,10,2.965,10.895,8.529,0.019,10.062,3.552
1620,organic,37,4,4.645,0.348,12,2.29,9.867,9.116,0.022,9.269,5.498
2120,organic,8,3,3.259,0.475,6,1.785,11.882,8.702,0.05,9.067,4.04
2003,organic,22,4,4.659,0.396,8,1.74,11.873,8.414,0.019,12.393,3.805
2160,organic,19,5,5.037,0.374,13,3.149,8.558,6.574,0.042,12.399,3.878
2630,organic,9,2,2.907,0.481,10,2.622,10.235,7.921,0.137,9.534,4.07
661,organic,44,5,4.859,0.422,13,2.482,10.47,8.552,0.074,13.089,4.485
2992,organic,11,2,2.94,0.362,10,2.97,10.784,8.998,0.064,9.252,4.207
2279,organic,21,5,4.216,0.465,9,1.892,8.757,8.794,0.0,8.459,5.081
1686,organic,12,3,4.11,0.364,7,1.965,12.353,7.26,0.004,8.707,4.732
1542,organic,23,5,3.303,0.413,13,2.669,9.874,7.044,0.018,14.803,5.727
1854,organic,20,3,5.41,0.598,12,2.477,11.994,7.527,0.022,14.553,3.492
958,organic,8,2,3.089,0.344,14,4.623,9.036,7.08,0.0,10.79,4.264
1249,anomalous,142,2,53.996,0.919,2,0.258,0.0,0.42,0.887,0.832,0.093
2885,organic,8,2,2.772,0.41,14,4.098,11.284,9.069,0.038,8.155,4.37
1054,organic,13,4,2.627,0.471,4,0.967,9.412,8.93,0.06,13.202,5.354
2944,anomalous,32,1,39.024,0.921,1,0.21,2.221,0.191,0.85,0.902,0.222
15,organic,24,4,4.26,0.586,14,3.248,8.991,8.219,0.024,13.809,5.425
855,organic,9,4,3.597,0.399,11,2.927,9.829,6.877,0.026,12.614,4.606
1023,anomalous,78,1,45.425,0.838,2,0.3,0.424,0.474,0.945,0.185,0.247
306,organic,8,2,2.692,0.278,14,4.268,11.293,8.442,0.019,13.753,3.929
1121,anomalous,127,2,34.204,0.92,2,0.284,1.792,0.431,0.828,0.543,0.19
2707,organic,11,2,4.879,0.342,13,3.734,13.844,6.688,0.035,8.155,3.517
1781,organic,20,5,4.283,0.56,6,1.29,12.62,8.835,0.054,14.433,4.453
2275,organic,8,2,4.365,0.414,4,1.324,12.141,6.93,0.036,9.2,3.79
2249,anomalous,51,1,34.028,0.894,2,0.38,0.758,0.285,0.765,0.814,0.271
996,organic,16,3,3.143,0.431,10,2.551,13.795,7.287,0.021,12.738,5.224
48,organic,20,3,3.006,0.5,10,2.078,13.767,6.594,0.005,10.828,4.423
2432,anomalous,94,1,44.722,0.919,2,0.289,0.405,0.34,0.946,0.105,0.084
2186,organic,9,2,2.6,0.509,11,3.385,11.387,7.336,0.013,13.584,5.382
2595,organic,18,4,3.859,0.467,11,2.413,11.486,8.037,0.012,8.216,5.428
1911,organic,22,5,3.995,0.524,8,1.741,8.205,7.901,0.1,11.576,4.864
696,organic,18,5,3.461,0.328,4,0.93,10.491,9.667,0.0,12.625,5.968
353,organic,48,5,5.336,0.577,13,2.124,8.473,6.689,0.021,13.358,4.563
1901,organic,43,4,4.615,0.464,12,2.315,10.637,6.651,0.0,11.586,3.998
2010,organic,37,4,4.57,0.422,12,2.221,9.433,6.717,0.01,12.929,3.882
1968,organic,8,4,2.744,0.349,12,3.737,11.189,9.5,0.044,9.148,4.143
498,anomalous,122,2,52.727,0.84,1,0.143,0.073,0.437,0.934,0.493,0.102
2032,organic,10,3,3.661,0.554,8,2.05,10.871,9.364,0.0,13.295,5.271
886,organic,30,5,3.83,0.375,13,2.555,10.57,8.038,0.0,10.794,5.786
933,anomalous,142,2,53.134,0.896,1,0.131,0.673,0.378,1.0,0.338,0.211
169,organic,8,2,2.796,0.596,5,1.62,13.148,6.53,0.0,12.062,5.323
2513,anomalous,173,2,50.517,0.872,1,0.141,0.672,0.433,0.825,0.599,0.154
2805,organic,8,2,3.054,0.599,8,2.294,10.946,7.971,0.0,13.312,4.06
1088,organic,16,2,3.892,0.621,10,2.225,9.856,7.358,0.0,10.042,4.04
1316,organic,9,3,2.691,0.457,12,3.228,8.362,7.379,0.028,9.363,4.877
282,anomalous,72,1,34.019,1.0,2,0.332,0.468,0.42,0.977,0.144,0.239
1574,organic,14,2,5.285,0.578,4,1.032,10.334,6.346,0.04,10.268,3.963
1044,organic,32,4,4.508,0.366,8,1.722,11.345,8.362,0.018,9.126,3.231
25,anomalous,39,1,38.539,0.889,1,0.169,0.503,0.468,0.775,0.356,0.088
737,organic,12,2,5.168,0.429,7,1.862,14.069,8.296,0.091,12.508,5.12
89,organic,14,2,5.373,0.413,13,3.564,10.429,7.179,0.049,14.137,5.705
260,anomalous,145,2,54.342,0.9,2,0.287,0.74,0.401,0.745,0.23,0.204
2186,anomalous,69,2,29.015,0.905,2,0.306,1.261,0.383,0.81,0.959,0.228
725,organic,9,3,3.332,0.324,7,1.839,12.353,6.341,0.0,11.699,4.064
694,organic,13,4,3.842,0.513,4,1.04,12.881,6.806,0.116,12.741,3.181
534,organic,27,5,3.328,0.343,7,1.459,14.896,6.222,0.0,9.592,5.528
1045,organic,15,3,3.8,0.514,10,2.658,7.258,8.365,0.039,9.752,5.422
683,anomalous,69,1,59.361,0.918,1,0.152,0.083,0.21,1.0,0.734,0.063
260,organic,15,5,4.836,0.353,7,1.847,10.78,7.337,0.0,11.158,4.207
1087,anomalous,48,2,29.329,0.881,2,0.369,0.738,0.138,0.996,0.403,0.211
2114,organic,27,4,4.215,0.599,4,0.899,11.783,7.876,0.0,12.141,5.995
2485,anomalous,136,2,49.396,0.869,1,0.152,0.576,0.139,0.957,0.825,0.141
941,anomalous,84,2,42.157,0.885,2,0.283,0.958,0.474,0.907,0.277,0.22
2096,organic,22,5,3.12,0.55,9,2.1,8.01,6.037,0.0,8.294,5.348
2699,organic,25,5,4.273,0.526,13,2.97,11.164,6.391,0.091,11.65,5.198
67,organic,21,4,3.526,0.575,5,1.167,11.904,8.935,0.047,10.425,3.372
1170,organic,10,3,3.166,0.327,7,1.96,7.87,9.994,0.091,12.283,5.331
2314,anomalous,89,1,62.421,0.969,1,0.142,1.268,0.15,0.897,0.657,0.104
853,anomalous,67,1,44.538,0.807,2,0.33,1.087,0.378,0.773,0.139,0.115
1594,anomalous,72,2,20.916,0.939,2,0.335,0.0,0.358,0.748,0.253,0.204
131,anomalous,188,2,50.591,1.0,2,0.289,0.0,0.151,0.939,0.591,0.186
1795,organic,14,2,3.858,0.42,12,3.213,13.924,8.502,0.062,14.721,3.837
2185,anomalous,130,2,47.925,0.849,2,0.267,1.211,0.131,0.807,0.776,0.228
2939,anomalous,64,1,40.59,0.869,2,0.364,0.0,0.186,0.822,0.32,0.067
407,organic,19,4,4.529,0.487,4,0.877,11.201,7.811,0.046,13.049,3.665
905,organic,26,4,3.681,0.591,7,1.4,10.095,7.233,0.046,11.831,5.756
319,anomalous,87,1,52.467,0.811,1,0.159,1.075,0.221,0.831,0.996,0.066
2016,organic,22,4,3.546,0.366,6,1.205,6.62,7.673,0.063,12.87,5.836
2508,organic,13,2,4.152,0.6,7,1.697,11.007,6.491,0.059,9.197,5.314
2960,organic,9,2,5.191,0.421,11,3.376,10.196,9.582,0.073,12.322,3.458
2355,organic,8,2,4.806,0.345,12,3.308,10.354,6.907,0.027,10.799,5.914
1371,organic,27,4,4.261,0.577,7,1.349,13.653,8.584,0.0,13.671,4.753
1047,anomalous,115,1,62.784,0.942,1,0.134,0.118,0.37,0.912,0.573,0.087
727,organic,19,5,2.8,0.34,7,1.57,12.425,8.609,0.025,13.613,5.812
1718,organic,17,4,3.389,0.416,9,2.313,11.575,7.161,0.04,13.984,4.419
2514,anomalous,68,1,39.013,1.0,1,0.157,0.346,0.387,0.786,0.623,0.264
1676,anomalous,38,2,15.356,0.844,1,0.2,1.087,0.417,0.944,0.98,0.166
2210,organic,18,3,3.366,0.612,14,3.396,11.228,8.049,0.0,9.169,4.915
1073,organic,8,2,3.117,0.273,5,1.422,13.288,7.615,0.0,12.253,5.065
2530,organic,26,5,4.709,0.498,9,1.782,7.643,7.85,0.042,13.278,4.758
2956,organic,17,5,2.536,0.348,14,3.326,10.517,7.923,0.0,12.838,5.132
2499,organic,13,3,4.691,0.328,5,1.357,7.565,6.964,0.06,10.905,3.803
1340,organic,8,2,3.913,0.438,5,1.429,9.785,6.689,0.0,14.421,5.708
2294,organic,33,5,3.939,0.393,13,2.44,10.897,6.654,0.033,10.681,3.559
1830,organic,29,5,4.596,0.43,6,1.276,10.346,7.807,0.047,11.238,4.119
840,organic,14,3,3.952,0.452,5,1.148,8.28,6.964,0.063,10.777,5.215
1719,anomalous,73,1,39.756,0.914,1,0.16,0.275,0.186,0.878,0.112,0.3
2741,anomalous,34,1,40.715,0.912,1,0.195,0.312,0.318,0.938,0.855,0.148
864,anomalous,29,1,15.839,0.894,1,0.213,0.014,0.481,0.911,0.908,0.12
2531,organic,8,2,3.375,0.518,13,3.976,8.521,7.127,0.047,11.705,3.617
228,organic,22,4,2.895,0.511,5,1.047,8.404,7.169,0.027,12.957,4.832
2117,organic,18,3,4.235,0.515,9,2.11,4.115,7.692,0.104,14.972,4.686
940,organic,31,5,3.895,0.428,13,2.704,9.972,7.196,0.055,12.635,4.257
379,organic,30,4,4.287,0.465,14,3.059,9.216,9.17,0.006,12.931,3.235
1783,organic,10,2,4.273,0.377,14,3.713,9.442,8.864,0.055,14.255,5.657
2946,organic,30,5,4.164,0.517,10,2.004,9.631,9.779,0.101,10.756,4.713
2968,organic,22,5,4.003,0.396,7,1.627,12.984,8.529,0.06,8.092,4.017
1670,anomalous,63,1,32.674,0.963,1,0.155,0.123,0.42,0.849,0.61,0.26
1592,anomalous,173,2,44.565,0.873,1,0.124,1.447,0.262,0.956,0.294,0.161
1536,anomalous,74,2,19.334,0.852,2,0.352,0.988,0.233,0.976,0.78,0.177
845,organic,37,5,3.405,0.335,9,1.749,6.473,8.262,0.023,14.594,3.764
296,organic,27,5,4.807,0.692,4,0.838,10.335,6.644,0.0,8.42,4.769
1853,organic,20,4,2.987,0.532,14,3.002,5.505,8.975,0.089,11.65,5.58
2639,organic,16,4,3.548,0.589,10,2.201,11.286,7.594,0.024,8.48,5.72
660,organic,15,3,2.78,0.323,13,3.161,14.44,7.612,0.045,11.058,5.873
1611,organic,26,4,4.848,0.43,10,1.932,11.407,9.27,0.0,10.516,5.135
1135,organic,19,4,3.337,0.384,13,2.899,12.376,7.021,0.027,12.013,5.302
2254,organic,29,4,4.486,0.569,11,2.049,10.876,7.494,0.029,13.246,3.683
1400,organic,8,3,3.203,0.429,10,2.719,10.597,8.782,0.039,11.283,3.157
361,organic,19,4,3.453,0.341,8,1.973,13.088,6.295,0.09,13.544,4.205
1941,organic,8,2,4.165,0.528,10,3.3,9.811,9.549,0.036,14.836,5.624
1726,anomalous,52,1,26.886,0.876,2,0.315,1.293,0.362,0.996,0.992,0.21
2688,organic,11,5,3.572,0.409,4,1.09,8.177,6.422,0.033,13.811,4.205
701,organic,31,4,4.528,0.539,9,1.745,8.746,7.574,0.025,10.929,3.388
1762,organic,15,2,3.763,0.461,5,1.119,11.786,9.476,0.03,9.854,4.011
569,organic,40,4,4.408,0.423,7,1.169,12.716,9.358,0.063,10.085,4.82
2885,anomalous,42,1,23.867,0.895,2,0.348,0.619,0.194,0.853,0.431,0.247
228,anomalous,189,2,53.898,0.927,2,0.242,0.525,0.309,0.872,0.638,0.275
2973,organic,22,5,4.216,0.557,14,3.037,12.1,6.452,0.005,14.835,4.455
2389,organic,8,2,2.763,0.547,9,2.657,11.145,8.655,0.055,13.148,3.775
2039,organic,34,5,4.485,0.36,11,1.948,13.127,6.453,0.0,8.038,5.164
1378,organic,13,3,3.327,0.493,14,3.927,12.595,8.516,0.0,12.252,4.206
2273,anomalous,71,1,38.863,0.858,2,0.32,0.437,0.178,0.765,0.744,0.058
29,anomalous,28,1,28.451,0.94,1,0.187,0.913,0.31,0.742,0.85,0.063
722,organic,28,5,3.389,0.487,5,1.04,8.979,9.583,0.055,14.934,5.168
353,anomalous,94,2,53.664,0.824,1,0.141,0.702,0.166,0.949,0.816,0.107
1048,organic,19,3,4.04,0.507,6,1.25,8.951,8.501,0.023,11.897,3.737
435,organic,19,5,3.016,0.451,6,1.441,9.62,8.227,0.016,14.833,3.098
161,organic,8,3,3.206,0.428,9,2.722,10.837,9.148,0.0,9.727,5.21
498,organic,8,2,2.607,0.494,10,3.161,15.818,9.665,0.05,14.769,5.604
1290,anomalous,33,1,34.836,0.957,2,0.354,1.149,0.11,0.735,0.411,0.14
2159,organic,17,5,4.423,0.302,7,1.721,9.29,7.12,0.0,11.524,5.251
574,organic,26,5,3.015,0.564,4,0.865,12.356,6.513,0.023,12.737,5.552
812,organic,8,2,3.397,0.36,12,3.72,11.126,9.291,0.0,9.877,5.84
2869,organic,8,2,3.336,0.578,12,3.952,9.116,9.553,0.025,9.552,3.883
579,organic,24,4,4.212,0.376,6,1.33,8.85,7.683,0.018,8.793,5.006
2665,organic,19,2,5.04,0.541,8,1.697,10.283,9.276,0.03,11.834,3.824
539,organic,23,4,4.487,0.321,13,2.521,9.939,6.017,0.001,11.698,4.974
2661,organic,17,3,5.186,0.367,6,1.495,13.234,6.758,0.0,11.85,5.936
2727,organic,24,5,3.14,0.393,9,2.053,13.859,8.701,0.032,12.37,5.549
1618,anomalous,76,2,36.673,0.898,1,0.171,2.135,0.135,0.915,0.748,0.082
205,organic,9,3,2.998,0.351,7,1.887,9.86,8.426,0.033,12.995,5.978
200,organic,25,3,3.686,0.348,14,2.916,9.981,8.188,0.0,10.354,5.963
370,organic,22,4,4.685,0.298,10,1.984,6.778,6.369,0.058,13.264,4.271
1125,anomalous,104,1,52.73,0.874,2,0.283,0.788,0.184,0.798,0.804,0.218
448,anomalous,187,2,56.543,0.992,1,0.14,0.392,0.436,0.736,0.116,0.056
1833,anomalous,166,2,44.656,1.0,1,0.144,1.482,0.465,0.846,0.305,0.096
2518,organic,19,4,2.285,0.327,8,1.94,11.816,6.952,0.008,8.961,3.555
9,organic,14,5,3.633,0.575,6,1.585,8.579,6.233,0.035,10.055,4.986
1763,anomalous,38,1,40.996,0.955,1,0.194,0.625,0.455,1.0,0.139,0.288
2195,organic,16,2,4.116,0.436,11,2.81,11.62,6.428,0.012,14.589,3.746
1645,anomalous,24,1,15.34,0.903,2,0.468,0.881,0.376,0.916,0.839,0.263
96,organic,10,2,5.288,0.364,9,2.421,12.779,6.831,0.029,8.21,3.357
1178,organic,17,4,3.85,0.344,12,2.812,8.664,7.691,0.085,9.047,4.006
780,organic,15,5,3.458,0.357,5,1.181,16.47,7.246,0.011,14.086,5.912
1390,organic,8,2,2.682,0.386,9,2.716,10.2,8.563,0.028,12.026,5.801
174,organic,22,4,3.967,0.421,11,2.557,10.747,6.347,0.0,11.087,5.229
446,anomalous,39,1,45.677,0.903,1,0.181,0.97,0.313,0.949,0.525,0.228
1086,organic,22,5,3.781,0.263,10,2.158,10.524,7.946,0.012,11.336,5.234
1410,anomalous,67,1,47.615,0.889,2,0.332,0.815,0.352,0.751,0.17,0.246
1017,organic,29,5,3.988,0.393,14,2.56,14.506,8.733,0.084,14.727,3.886
2441,organic,14,3,3.552,0.486,10,2.719,11.099,7.928,0.05,11.651,5.631
1295,organic,52,5,4.865,0.643,9,1.654,13.33,8.897,0.026,9.661,3.141
426,organic,28,4,4.816,0.515,12,2.548,9.531,8.041,0.013,8.143,4.509
1715,organic,13,3,2.507,0.448,4,1.108,11.085,9.023,0.086,8.118,4.859
367,organic,27,5,2.956,0.371,6,1.164,12.544,6.332,0.033,10.919,5.638
2376,anomalous,18,1,17.255,0.943,2,0.507,1.417,0.269,0.832,0.238,0.099
7,organic,9,4,2.769,0.565,12,3.586,7.244,9.123,0.018,11.981,3.419
1581,organic,33,4,3.757,0.374,8,1.459,9.553,7.068,0.032,10.962,4.114
1421,organic,19,4,5.04,0.331,10,2.434,11.172,9.665,0.027,9.851,4.22
293,anomalous,18,1,17.852,0.99,2,0.507,0.0,0.11,1.0,0.197,0.082
2792,organic,18,4,2.969,0.35,4,0.887,12.629,8.081,0.066,9.722,3.073
568,anomalous,74,2,29.301,1.0,2,0.331,0.761,0.158,0.906,0.499,0.112
2107,anomalous,126,2,51.307,0.824,2,0.294,0.983,0.472,0.904,0.712,0.201
2131,organic,18,5,4.426,0.494,14,3.016,11.593,8.401,0.065,12.78,3.207
2664,anomalous,37,1,23.463,1.0,2,0.344,1.996,0.204,0.843,0.316,0.258
1234,organic,13,2,4.432,0.342,6,1.498,10.562,7.25,0.0,9.092,3.275
2415,organic,11,3,4.318,0.41,7,2.002,7.032,8.566,0.033,11.632,5.604
2726,organic,17,3,3.84,0.417,5,1.066,12.134,9.749,0.021,10.677,5.909
2568,organic,8,2,3.348,0.458,9,2.975,9.297,6.047,0.0,11.293,4.398
2393,organic,27,5,3.466,0.523,12,2.559,11.222,6.289,0.004,14.993,5.599
1116,organic,34,5,4.018,0.406,10,1.962,12.171,6.492,0.084,8.925,3.08
128,anomalous,70,1,30.141,0.831,2,0.326,2.202,0.449,0.918,0.486,0.158
401,organic,25,5,4.817,0.524,6,1.145,12.199,6.555,0.0,11.72,4.758
2792,anomalous,38,1,31.818,0.931,2,0.383,0.844,0.47,0.843,0.586,0.063
220,organic,19,5,3.611,0.324,7,1.733,13.174,6.27,0.04,9.81,4.989
2644,organic,8,2,3.314,0.497,10,2.999,6.317,7.512,0.038,13.44,3.447
600,organic,16,3,4.166,0.556,11,2.804,13.648,7.86,0.063,9.705,5.213
128,organic,15,5,3.818,0.503,10,2.307,10.25,7.507,0.0,8.281,4.385
2624,organic,8,3,2.738,0.355,9,2.791,10.784,8.311,0.02,14.997,4.231
766,organic,9,2,4.332,0.5,12,3.632,16.075,7.357,0.057,13.098,4.803
1406,anomalous,77,1,51.255,0.908,1,0.172,0.692,0.362,0.77,0.232,0.209
2290,anomalous,227,2,55.065,0.952,2,0.273,1.028,0.213,0.975,0.281,0.27
2782,organic,8,2,2.812,0.479,14,4.529,12.154,8.6,0.0,8.606,4.665
1826,organic,8,2,3.182,0.445,5,1.6,11.065,9.181,0.0,9.715,5.292
1183,organic,8,2,3.323,0.553,7,2.035,14.21,7.734,0.061,8.295,3.939
2049,organic,8,2,2.862,0.495,12,3.356,8.84,9.035,0.018,11.698,3.502
2298,anomalous,87,2,51.201,0.965,2,0.309,1.754,0.412,0.863,0.218,0.075
1699,organic,8,2,4.063,0.536,10,2.974,12.767,8.492,0.038,8.89,4.903
2445,anomalous,72,2,35.5,0.946,1,0.17,0.327,0.103,0.855,0.574,0.171
1987,organic,29,5,4.472,0.304,8,1.745,11.552,9.679,0.004,13.855,4.434
1069,anomalous,61,1,45.403,0.954,2,0.336,0.0,0.147,0.918,0.724,0.254
2931,organic,11,2,3.573,0.53,14,3.639,13.767,9.96,0.0,10.424,5.41
1461,organic,11,5,3.217,0.487,8,2.035,9.95,8.623,0.04,14.764,5.672
1838,organic,14,2,4.649,0.463,4,0.994,10.653,6.767,0.027,11.556,3.574
976,organic,19,4,2.705,0.576,14,3.17,8.675,6.856,0.031,13.973,4.788
2453,organic,10,2,3.358,0.471,4,1.051,12.338,7.61,0.015,12.794,4.051
768,organic,11,2,3.626,0.572,4,1.091,9.519,8.872,0.0,11.742,3.065
2822,organic,9,3,3.346,0.554,7,2.141,13.005,6.742,0.121,10.185,4.288
2333,organic,11,2,4.565,0.363,5,1.244,13.45,6.889,0.026,10.244,5.607
978,organic,25,5,2.556,0.497,7,1.37,10.485,8.888,0.054,12.44,3.074
994,organic,9,2,3.618,0.43,9,2.859,9.663,9.679,0.078,13.854,5.785
2758,anomalous,53,1,52.904,1.0,1,0.174,2.007,0.496,0.836,0.729,0.227
931,organic,18,5,4.256,0.505,5,1.164,11.486,8.277,0.023,14.624,5.581
1636,anomalous,71,1,51.746,0.945,1,0.173,0.971,0.333,0.839,0.918,0.17
1463,organic,15,5,3.345,0.387,8,1.992,12.447,6.786,0.0,13.448,5.951
1261,organic,17,5,4.333,0.587,7,1.775,9.707,7.576,0.033,11.64,4.411
2534,organic,8,4,2.741,0.39,7,2.084,16.652,8.384,0.0,9.583,4.558
1863,organic,15,3,4.695,0.377,7,1.605,5.529,7.147,0.063,11.82,5.822
1636,organic,22,3,4.066,0.365,4,0.786,9.297,8.426,0.094,11.621,3.017
563,organic,21,5,4.716,0.314,8,1.782,12.529,8.955,0.097,9.894,5.48
2079,anomalous,107,2,29.93,0.864,2,0.324,0.732,0.3,0.899,0.919,0.28
33,organic,32,5,3.876,0.484,14,2.588,11.783,9.218,0.066,12.43,3.864
1779,anomalous,38,1,32.398,0.947,2,0.361,1.381,0.211,0.981,0.602,0.173
673,organic,8,2,2.724,0.363,8,2.412,11.417,7.766,0.044,14.417,4.797
226,anomalous,93,2,44.292,0.976,2,0.308,2.111,0.345,0.947,0.858,0.267
2269,organic,31,5,4.855,0.321,7,1.253,10.504,7.797,0.034,11.989,4.09
557,organic,20,2,4.803,0.402,8,1.848,12.596,7.263,0.059,14.979,3.091
1872,organic,14,3,3.699,0.379,9,2.262,11.725,8.138,0.044,12.296,5.997
608,organic,8,2,3.102,0.373,4,1.138,6.527,8.43,0.0,12.987,3.843
505,anomalous,35,2,21.174,0.905,1,0.178,1.678,0.272,0.781,0.371,0.084
761,organic,13,5,3.112,0.362,6,1.676,10.321,6.179,0.014,11.977,4.012
907,organic,24,4,3.595,0.464,7,1.4,10.003,6.093,0.006,14.327,5.648
777,anomalous,136,2,53.855,0.951,2,0.289,0.432,0.319,0.781,0.606,0.064
1880,organic,17,2,4.611,0.231,7,1.759,12.377,6.73,0.03,9.255,3.993
1801,organic,17,4,3.092,0.338,9,2.322,10.723,6.633,0.022,8.927,4.678
972,anomalous,54,2,17.677,0.882,2,0.32,1.168,0.392,0.771,0.725,0.095
2436,organic,24,5,4.231,0.543,12,2.71,12.873,7.354,0.0,13.625,5.142
1476,organic,29,5,3.789,0.475,12,2.645,9.827,7.372,0.08,11.383,3.534
860,anomalous,78,1,42.417,0.863,1,0.168,0.869,0.157,0.891,0.722,0.228
2372,organic,10,2,2.685,0.335,14,4.086,12.389,8.063,0.0,13.589,5.365
1736,anomalous,29,1,17.347,0.859,2,0.412,1.603,0.126,0.834,0.288,0.292
2251,organic,40,5,5.28,0.532,9,1.821,10.711,9.029,0.024,8.378,5.951
926,organic,14,3,4.787,0.406,12,3.265,10.792,6.697,0.013,11.855,5.321
113,anomalous,47,1,24.559,0.914,2,0.327,1.314,0.247,0.836,0.288,0.238
2953,organic,27,5,4.588,0.462,14,3.11,15.163,9.526,0.062,9.619,5.578
2537,anomalous,97,1,48.818,0.921,2,0.292,1.201,0.443,0.937,0.224,0.22
728,organic,8,2,2.781,0.598,10,2.997,15.555,9.79,0.055,11.69,5.087
756,organic,12,2,4.836,0.418,7,1.701,9.745,7.167,0.042,9.549,4.107
1534,organic,8,2,3.491,0.491,12,3.901,9.166,7.914,0.035,11.525,4.71
1270,organic,39,5,4.409,0.319,4,0.801,11.751,8.221,0.101,13.345,4.0
2021,organic,9,2,3.158,0.311,13,3.777,7.275,8.573,0.049,10.078,3.78
2331,organic,8,2,4.259,0.37,6,1.837,13.634,8.966,0.091,11.718,5.318
811,organic,40,5,4.005,0.465,9,1.565,15.279,6.079,0.006,10.463,4.386
1409,organic,9,3,2.577,0.348,10,3.139,11.657,7.153,0.013,14.976,4.7
682,anomalous,67,2,17.891,1.0,2,0.337,0.299,0.172,0.962,0.235,0.167
1652,organic,26,5,3.447,0.573,5,1.088,12.067,6.94,0.007,8.386,5.93
1050,anomalous,116,2,36.395,0.889,2,0.272,1.112,0.316,0.873,0.276,0.223
2427,organic,13,3,3.704,0.627,14,3.533,10.773,7.94,0.0,8.906,4.846
1440,anomalous,51,1,34.224,1.0,1,0.189,0.717,0.199,0.965,0.799,0.149
1988,anomalous,75,2,46.714,0.976,1,0.161,1.914,0.475,0.839,0.559,0.209
2063,organic,13,3,3.862,0.531,13,3.459,10.851,6.996,0.046,14.062,5.509
446,organic,13,5,3.27,0.488,13,3.6,12.219,7.421,0.065,8.908,5.69
685,organic,32,4,4.053,0.323,6,1.08,12.42,8.886,0.0,14.044,3.721
1042,organic,25,4,4.089,0.287,6,1.217,12.05,6.33,0.0,14.825,4.642
1603,organic,8,2,2.9,0.414,14,4.617,14.2,7.438,0.07,14.672,5.336
1967,anomalous,35,1,26.075,0.823,1,0.173,0.745,0.141,0.976,0.376,0.127
170,organic,12,3,4.729,0.373,12,3.031,11.626,7.321,0.019,13.995,3.233
1013,organic,38,5,4.345,0.43,10,1.7,7.616,6.498,0.0,10.122,3.514
877,organic,9,2,4.943,0.633,12,3.615,9.071,7.333,0.0,13.078,4.129
197,anomalous,64,1,37.179,0.956,1,0.158,1.11,0.215,0.745,0.497,0.154
2435,organic,21,5,4.21,0.391,6,1.327,11.231,9.273,0.04,10.82,4.343
25,organic,14,2,4.451,0.421,12,2.849,9.393,7.497,0.082,12.564,5.602
2725,organic,8,2,3.598,0.406,8,2.389,8.205,9.292,0.0,8.62,5.342
2390,organic,22,5,4.798,0.605,4,0.794,10.858,8.104,0.005,10.526,4.296
1049,anomalous,29,1,23.044,0.855,2,0.39,0.997,0.125,0.812,0.842,0.252
2587,organic,12,2,3.301,0.426,8,2.187,11.125,7.34,0.038,9.581,4.847
2015,anomalous,70,2,20.218,0.992,2,0.338,0.62,0.107,0.863,0.913,0.108
2875,organic,14,5,2.761,0.413,14,3.713,14.72,7.839,0.006,14.827,5.239
1236,organic,17,5,3.962,0.501,5,1.116,14.908,7.963,0.036,11.701,4.388
2142,anomalous,29,1,39.376,0.924,2,0.401,0.077,0.216,0.803,0.59,0.238
80,organic,8,3,2.906,0.404,8,2.453,9.989,8.901,0.006,13.17,3.951
1139,organic,22,5,3.769,0.462,12,2.569,11.591,6.069,0.075,11.846,5.348
316,organic,8,2,2.994,0.467,11,3.587,12.362,6.821,0.073,11.828,5.757
494,organic,8,3,3.142,0.43,8,2.452,12.487,8.448,0.063,11.969,3.581
116,organic,44,5,3.865,0.486,5,0.938,12.486,9.742,0.0,9.506,4.757
2321,anomalous,105,1,58.624,0.858,1,0.134,0.227,0.129,0.993,0.585,0.154
1180,organic,8,2,4.054,0.506,4,1.156,9.99,7.172,0.044,14.55,4.167
1067,organic,12,4,4.216,0.506,4,1.112,12.153,8.042,0.054,12.033,4.93
1569,organic,19,4,3.874,0.517,12,2.759,15.429,7.061,0.04,11.9,3.682
1714,anomalous,56,1,35.408,0.971,1,0.181,0.414,0.399,0.904,0.685,0.152
1752,organic,10,2,3.272,0.471,7,1.839,9.843,7.29,0.049,8.0,5.211
2221,anomalous,78,1,51.878,0.935,2,0.305,1.016,0.476,0.889,0.559,0.172
1036,organic,19,4,3.675,0.365,10,2.074,8.369,8.244,0.06,13.158,4.583
2919,organic,24,4,3.475,0.461,4,0.802,11.767,8.804,0.006,10.216,4.756
1441,anomalous,18,1,26.65,0.95,2,0.432,1.219,0.174,0.824,0.52,0.107
2087,organic,14,3,4.319,0.387,11,2.629,11.153,6.15,0.05,12.154,3.137
1366,organic,21,5,3.239,0.449,7,1.532,10.212,6.943,0.034,12.554,5.668
137,anomalous,69,2,26.007,1.0,2,0.344,0.753,0.459,0.938,0.154,0.256
115,anomalous,53,1,35.512,0.889,1,0.175,1.591,0.324,0.846,0.344,0.18
134,organic,12,3,3.802,0.555,14,3.376,12.524,9.202,0.064,14.049,5.847
2313,organic,16,4,3.34,0.378,5,1.126,14.479,6.159,0.06,10.176,3.064
1630,organic,16,3,3.729,0.527,14,3.409,10.917,6.993,0.055,8.039,4.67
38,organic,8,2,3.991,0.544,6,1.682,13.637,9.593,0.009,9.894,4.093
2124,anomalous,115,2,39.386,0.854,2,0.277,1.476,0.242,0.808,0.649,0.11
2138,organic,44,5,3.742,0.43,11,2.131,11.462,8.868,0.079,12.451,5.557
1890,organic,10,3,3.766,0.609,5,1.427,12.628,6.01,0.041,8.656,5.43
1396,organic,11,2,4.285,0.564,14,4.108,10.388,7.359,0.063,8.916,4.723
582,anomalous,60,2,21.519,0.952,2,0.352,0.777,0.215,0.794,0.921,0.25
2654,organic,20,5,2.484,0.55,14,3.164,4.928,9.313,0.0,8.718,5.932
542,organic,11,3,3.03,0.4,13,3.499,8.195,8.612,0.002,9.41,3.309
2690,organic,21,3,4.16,0.45,7,1.406,10.191,9.996,0.034,12.504,5.381
2202,organic,24,4,3.337,0.34,10,2.193,8.752,7.237,0.093,13.785,5.232
1952,anomalous,21,1,24.437,1.0,1,0.231,1.176,0.398,0.722,0.879,0.149
654,organic,14,3,3.289,0.497,13,2.948,10.425,6.112,0.043,9.549,4.781
1730,anomalous,70,1,46.853,0.952,2,0.312,0.447,0.167,0.928,0.547,0.069
885,organic,14,4,3.162,0.422,8,1.957,13.879,7.526,0.06,12.817,5.928
2102,organic,12,5,3.065,0.32,7,1.675,9.115,7.053,0.002,14.636,5.977
152,anomalous,67,1,55.17,0.887,1,0.168,0.872,0.176,0.812,0.469,0.17
1020,organic,27,4,4.883,0.434,6,1.149,10.861,7.72,0.063,8.791,5.117
1579,organic,32,4,4.78,0.509,6,1.224,11.536,9.205,0.092,14.971,4.211
1219,organic,18,3,3.356,0.511,5,1.106,10.674,9.744,0.018,10.902,4.73
2943,organic,8,2,3.507,0.44,6,1.863,9.957,8.679,0.036,11.22,5.273
470,organic,11,4,3.403,0.486,8,2.187,8.918,6.339,0.0,13.414,5.552
2756,organic,13,4,3.011,0.33,5,1.36,9.437,6.109,0.028,9.109,5.589
576,organic,18,3,3.549,0.503,10,2.328,8.725,8.534,0.032,10.896,4.723
2121,organic,20,4,3.331,0.367,12,2.738,8.102,9.606,0.037,13.087,3.503
2708,organic,22,5,4.278,0.505,11,2.629,11.14,7.539,0.098,14.417,4.539
2659,organic,24,5,4.446,0.344,6,1.304,10.39,9.025,0.051,9.995,5.943
2693,organic,17,5,4.004,0.257,9,2.183,15.981,9.44,0.054,8.016,3.391
1296,organic,8,3,3.38,0.341,14,4.328,13.659,7.765,0.043,14.028,4.575
1679,anomalous,231,2,54.374,0.839,1,0.116,0.879,0.402,0.77,0.88,0.11
2978,organic,15,3,4.752,0.537,13,3.019,9.473,7.415,0.104,12.585,5.8
190,anomalous,61,1,39.957,0.925,2,0.316,1.352,0.141,0.855,0.643,0.111
2892,organic,24,3,4.483,0.601,8,1.551,10.58,9.342,0.001,11.457,3.157
2507,organic,12,3,4.846,0.386,11,3.148,10.485,8.125,0.0,12.089,4.447
440,anomalous,49,1,28.972,0.871,1,0.192,1.452,0.128,0.723,0.519,0.289
2801,anomalous,185,2,47.906,0.977,2,0.276,0.623,0.395,0.844,0.692,0.288
1433,anomalous,64,2,18.636,0.993,2,0.346,0.666,0.197,0.776,0.88,0.173
2350,organic,14,2,3.821,0.589,6,1.627,12.835,7.963,0.012,14.808,5.334
915,organic,11,2,4.154,0.587,5,1.223,12.936,9.16,0.022,14.749,4.777
989,anomalous,83,2,26.148,0.935,1,0.167,1.225,0.167,0.856,0.387,0.278
1765,anomalous,64,2,26.103,0.986,2,0.344,1.099,0.164,0.99,0.302,0.152
88,organic,18,5,3.751,0.53,5,1.106,6.455,9.82,0.008,8.692,5.261
82,organic,13,4,5.077,0.581,10,2.455,10.195,8.145,0.031,9.912,3.152
2386,organic,11,3,2.561,0.354,4,1.159,12.047,8.867,0.001,14.47,5.272
887,organic,19,2,4.848,0.313,9,1.967,13.634,6.811,0.0,14.866,3.777
2061,anomalous,74,2,33.662,0.899,2,0.296,0.78,0.12,0.815,0.659,0.214
363,organic,24,4,3.4,0.507,10,2.033,10.219,7.462,0.022,10.244,5.893
1248,organic,18,4,4.555,0.493,14,3.244,10.76,7.66,0.028,8.248,3.734
2353,organic,29,5,3.645,0.414,5,0.948,11.059,8.73,0.021,11.762,5.28
394,anomalous,58,2,36.739,0.978,1,0.161,0.428,0.49,0.753,0.988,0.262
1475,organic,12,3,4.39,0.412,10,2.507,11.769,6.465,0.017,13.627,3.706
2002,organic,29,4,4.214,0.515,4,0.753,11.429,9.241,0.079,12.935,5.025
2144,organic,16,5,4.937,0.58,11,2.668,8.608,9.325,0.0,8.252,4.863
1326,organic,8,2,4.332,0.401,9,2.768,11.41,7.982,0.02,10.711,3.347
583,organic,11,2,3.397,0.461,11,2.773,9.179,9.475,0.075,11.844,4.548
1394,organic,8,2,3.071,0.362,13,3.704,10.753,6.61,0.015,11.652,5.199
1723,organic,15,3,3.788,0.517,8,1.931,9.889,7.276,0.01,12.245,4.103
561,organic,10,2,3.052,0.483,7,2.12,10.275,6.024,0.101,12.522,5.852
898,anomalous,189,2,47.0,1.0,2,0.252,1.459,0.24,0.946,0.241,0.294
1697,organic,20,4,3.537,0.379,13,3.025,9.068,7.666,0.016,9.235,5.388
2244,anomalous,27,1,19.18,0.995,1,0.202,1.504,0.482,0.905,0.18,0.108
540,organic,8,3,2.501,0.579,5,1.49,9.303,7.805,0.012,14.739,5.733
1314,anomalous,43,1,20.855,1.0,1,0.178,2.429,0.283,1.0,0.148,0.273
2747,organic,8,3,2.532,0.53,14,4.255,7.009,9.377,0.022,14.131,4.301
331,organic,8,4,3.33,0.424,13,3.975,11.378,7.684,0.056,11.034,4.058
497,organic,12,5,2.67,0.419,10,2.849,7.567,6.443,0.063,11.709,4.092
1312,organic,8,3,2.866,0.347,9,2.516,9.404,8.667,0.027,9.798,5.571
281,organic,8,2,4.155,0.431,7,1.97,11.019,8.119,0.018,12.027,3.279
2097,anomalous,135,2,34.993,0.942,2,0.302,0.945,0.318,0.964,0.841,0.095
2346,organic,23,3,4.571,0.441,6,1.305,12.6,9.43,0.034,14.851,5.18
105,organic,15,3,3.922,0.447,10,2.575,9.236,9.695,0.088,14.847,5.235
2344,organic,14,2,3.948,0.46,5,1.25,12.552,9.123,0.041,9.517,5.232
1608,organic,15,3,3.021,0.586,11,2.571,13.176,9.096,0.1,8.956,4.963
483,organic,21,5,3.741,0.474,4,0.844,11.926,6.884,0.05,8.006,4.421
2368,organic,13,3,3.19,0.483,5,1.328,10.33,9.514,0.0,9.532,4.232
850,anomalous,75,2,42.725,0.962,2,0.324,0.592,0.322,0.969,0.976,0.164
874,organic,27,4,4.511,0.479,10,2.027,12.719,6.626,0.038,10.891,3.377
465,anomalous,58,1,47.696,0.989,2,0.324,1.115,0.284,0.931,0.811,0.11
288,anomalous,189,2,50.033,0.878,2,0.271,0.943,0.189,0.942,0.517,0.257
2542,organic,33,5,4.353,0.432,6,1.192,8.585,7.755,0.024,12.567,4.684
1290,organic,26,4,3.878,0.612,7,1.583,12.2,8.325,0.025,11.316,3.208
2765,organic,18,5,2.964,0.271,6,1.429,8.68,9.377,0.083,8.83,4.186
1816,anomalous,153,2,55.24,0.945,1,0.139,1.33,0.237,0.747,0.769,0.111
956,organic,10,2,3.467,0.295,12,3.586,10.322,6.681,0.084,11.971,4.204
2113,organic,15,4,4.492,0.449,5,1.116,11.514,8.384,0.067,11.973,3.249
86,organic,34,5,4.401,0.457,8,1.491,10.754,9.917,0.004,13.035,5.663
2757,organic,18,4,3.725,0.478,10,2.437,6.879,8.384,0.035,10.53,4.512
1618,organic,10,3,2.711,0.647,14,3.527,14.184,7.006,0.076,11.312,5.371
431,organic,18,3,3.761,0.543,7,1.749,10.028,9.156,0.008,12.282,5.958
2642,organic,8,3,2.763,0.298,12,3.72,11.581,8.8,0.054,13.933,4.434
858,organic,26,4,3.217,0.526,11,2.376,9.344,9.382,0.0,9.295,4.321
1080,organic,8,2,4.084,0.439,10,2.71,11.775,8.002,0.028,14.481,3.174
1382,organic,19,3,4.318,0.612,13,2.994,10.4,6.782,0.042,12.919,3.475
2603,organic,15,5,2.776,0.364,14,3.685,12.292,6.627,0.028,9.435,5.665
2754,organic,22,3,4.754,0.56,7,1.572,10.687,9.951,0.061,13.527,4.398
2194,anomalous,59,1,39.572,0.842,2,0.32,1.334,0.499,0.695,0.975,0.081
1493,organic,12,2,3.757,0.532,7,1.905,9.549,7.547,0.067,10.318,3.188
1487,organic,20,3,4.103,0.449,10,2.37,11.173,6.403,0.046,8.742,4.817
2128,organic,21,3,4.092,0.448,13,2.593,14.333,7.699,0.038,10.606,3.986
423,anomalous,158,2,48.609,0.872,2,0.293,0.794,0.408,0.856,0.791,0.117
2679,anomalous,107,2,49.825,0.864,2,0.304,1.845,0.434,0.966,0.442,0.197
1328,anomalous,28,1,34.344,0.965,1,0.199,1.558,0.223,0.821,0.747,0.068
2283,anomalous,35,1,23.751,0.984,1,0.205,2.188,0.297,0.853,0.812,0.105
178,organic,26,4,4.739,0.385,14,3.069,7.653,6.724,0.009,8.666,3.002
2958,organic,29,5,3.228,0.387,9,1.848,11.499,8.888,0.093,11.039,4.588
1656,organic,11,2,4.697,0.303,13,3.509,12.805,9.428,0.016,8.72,3.906
1597,organic,8,3,2.954,0.549,4,1.289,12.095,9.356,0.0,11.288,5.361
635,organic,12,3,3.848,0.447,11,2.691,6.854,9.828,0.0,9.282,4.335
1395,organic,8,2,5.14,0.455,11,3.188,9.231,6.398,0.0,14.022,5.342
1564,organic,21,5,2.809,0.51,8,1.749,10.031,7.463,0.056,12.538,5.409
2820,organic,30,5,4.747,0.436,11,2.053,14.803,6.105,0.062,8.278,3.013
2,organic,32,5,4.514,0.461,9,1.615,12.531,8.575,0.037,11.104,3.682
2085,organic,18,2,4.402,0.466,13,2.721,13.937,6.307,0.029,9.591,3.553
1284,organic,27,5,4.263,0.542,12,2.434,7.715,7.559,0.065,9.444,4.51
2046,organic,8,2,3.452,0.416,11,3.268,8.645,9.042,0.024,10.552,5.042
1816,organic,16,2,4.972,0.495,14,3.623,12.058,9.992,0.058,14.878,3.432
229,organic,25,5,4.153,0.293,9,1.779,7.827,7.613,0.05,9.839,5.958
5,anomalous,98,2,43.239,0.921,2,0.311,0.953,0.288,0.777,0.217,0.169
1093,organic,15,3,2.8,0.604,5,1.345,11.214,8.602,0.0,13.259,5.178
1922,organic,10,2,3.169,0.314,10,2.634,9.572,6.848,0.026,9.863,5.923
2189,organic,9,3,3.739,0.547,6,1.87,11.43,6.62,0.043,8.434,4.149
1065,anomalous,22,1,17.9,0.879,1,0.207,1.342,0.293,0.837,0.645,0.251
1374,anomalous,71,2,23.928,0.926,1,0.167,0.376,0.224,1.0,0.362,0.186
369,organic,15,3,3.096,0.376,4,1.025,9.62,9.513,0.0,12.001,3.834
1551,anomalous,111,1,54.389,0.912,1,0.154,0.123,0.251,0.716,0.195,0.088
1871,anomalous,28,1,29.677,0.976,1,0.207,1.22,0.432,0.989,0.667,0.206
1621,organic,24,5,4.064,0.315,12,2.368,11.554,6.448,0.057,11.444,5.235
76,organic,10,2,3.904,0.404,6,1.814,9.109,7.843,0.063,9.053,3.142
2995,organic,8,2,2.414,0.433,11,3.177,11.587,9.432,0.045,14.657,3.222
2385,organic,16,4,4.161,0.529,12,2.972,11.633,6.918,0.01,9.301,5.37
2874,organic,23,4,3.688,0.562,7,1.586,8.425,7.2,0.003,10.344,3.754
513,organic,18,2,4.124,0.404,11,2.538,10.766,7.103,0.043,11.321,4.024
610,organic,8,2,2.772,0.48,12,3.43,10.68,9.278,0.049,14.142,3.138
1780,organic,39,5,4.979,0.528,9,1.674,13.223,7.744,0.026,14.907,5.161
2691,organic,19,5,4.661,0.525,5,1.205,10.181,6.478,0.0,13.521,5.789
1670,organic,17,4,4.244,0.435,5,1.292,8.361,6.952,0.015,13.948,3.621
2367,organic,9,2,2.927,0.354,7,1.869,10.105,9.267,0.084,11.19,3.741
2972,organic,10,2,2.57,0.332,10,2.969,13.591,7.527,0.096,12.919,3.929
1689,organic,8,3,3.471,0.37,13,3.966,14.891,8.677,0.045,12.78,5.692
1147,organic,17,4,3.04,0.423,6,1.49,13.68,8.058,0.01,10.805,5.454
640,anomalous,15,1,15.057,0.972,1,0.237,0.0,0.328,0.988,0.687,0.201
2567,organic,14,5,3.751,0.469,6,1.495,7.726,7.685,0.062,12.197,3.004
1929,anomalous,47,1,34.192,1.0,2,0.388,0.477,0.156,0.84,0.967,0.104
1226,anomalous,54,1,40.59,0.926,1,0.188,0.0,0.368,0.995,0.595,0.219
856,organic,20,5,3.304,0.589,8,1.968,9.829,6.75,0.0,13.802,4.527
713,organic,12,2,3.862,0.52,8,2.125,8.554,7.499,0.003,13.0,4.745
529,organic,17,4,3.702,0.432,14,3.0,10.835,7.4,0.042,9.221,4.744
2116,organic,15,4,2.512,0.343,7,1.65,12.265,7.099,0.087,12.199,3.405
2423,organic,16,3,3.836,0.385,6,1.463,8.445,8.573,0.01,13.352,4.806
2119,organic,29,4,4.488,0.319,14,2.692,9.624,9.275,0.017,14.042,4.114
946,organic,8,2,2.764,0.453,6,1.863,12.083,7.09,0.0,14.945,5.771
992,organic,21,3,5.19,0.608,5,1.196,10.381,7.568,0.025,13.713,3.91
1866,organic,13,3,4.524,0.47,10,2.307,14.094,7.349,0.0,8.402,5.795
2753,organic,21,4,2.315,0.465,9,2.054,9.611,8.148,0.004,11.498,3.442
1629,organic,19,3,4.757,0.419,14,3.012,11.116,6.132,0.031,10.643,4.606
2603,anomalous,126,2,51.651,0.93,2,0.295,0.159,0.264,0.864,0.384,0.187
1527,organic,28,5,4.009,0.338,7,1.298,12.589,9.446,0.059,12.463,3.747
2705,organic,17,3,2.931,0.355,10,2.502,12.374,8.748,0.0,9.731,3.186
1910,organic,15,4,4.769,0.293,7,1.789,13.251,8.239,0.065,14.425,4.055
1960,anomalous,59,2,33.889,0.874,2,0.309,1.705,0.292,0.811,0.671,0.174
1030,organic,28,4,3.601,0.508,7,1.411,13.052,9.932,0.039,12.24,3.21
2177,organic,18,4,3.338,0.6,4,1.002,8.589,9.146,0.034,11.985,3.733
1012,organic,13,4,4.269,0.488,4,1.109,12.585,7.382,0.013,11.655,5.917
2152,organic,27,5,3.39,0.522,5,1.016,10.95,8.567,0.006,13.448,4.95
2248,organic,12,4,2.58,0.531,11,2.803,11.852,6.02,0.053,11.254,5.377
404,anomalous,25,1,22.729,0.876,2,0.391,1.021,0.299,0.799,0.489,0.086
2431,anomalous,102,2,49.62,0.961,2,0.298,0.735,0.432,0.881,0.424,0.168
649,organic,14,4,3.047,0.413,9,2.127,8.525,7.809,0.051,14.356,4.47
779,organic,8,2,3.14,0.492,13,4.038,8.969,8.748,0.001,14.355,4.929
769,organic,29,4,4.923,0.345,8,1.649,13.298,8.77,0.04,10.407,3.017
1112,anomalous,61,2,27.706,0.897,1,0.157,1.854,0.189,0.97,0.867,0.201
72,anomalous,29,1,33.522,0.916,1,0.195,1.186,0.401,0.808,0.356,0.274
2149,anomalous,47,1,56.097,0.854,1,0.168,0.729,0.19,0.919,0.701,0.051
426,anomalous,41,1,36.16,0.951,1,0.187,0.888,0.266,0.844,0.584,0.16
1984,organic,17,3,4.531,0.457,13,3.125,10.808,6.081,0.012,8.817,3.359
1456,anomalous,60,2,24.695,0.954,2,0.325,1.016,0.119,0.97,0.425,0.091
2858,anomalous,59,2,22.863,0.877,2,0.365,0.584,0.225,0.871,0.459,0.236
2684,anomalous,32,1,41.292,1.0,1,0.178,0.596,0.329,0.773,0.198,0.297
1359,organic,8,2,2.85,0.563,6,1.83,11.898,7.018,0.018,10.955,5.327
2346,anomalous,31,1,26.763,0.975,1,0.216,1.467,0.197,0.888,0.926,0.091
2014,anomalous,53,1,41.383,0.921,1,0.188,0.792,0.3,0.817,0.883,0.2
2694,organic,12,2,3.702,0.319,12,3.22,8.014,7.061,0.059,8.97,4.609
626,organic,17,4,3.987,0.559,8,2.029,14.475,6.111,0.003,8.939,4.711
497,anomalous,156,2,39.149,0.93,2,0.282,0.728,0.209,0.889,0.613,0.104
202,organic,17,5,3.721,0.349,4,0.9,11.132,9.885,0.006,11.532,5.579
1878,organic,8,2,4.158,0.629,6,1.784,9.607,8.944,0.025,8.041,3.733
838,organic,15,3,4.39,0.489,12,2.899,14.756,7.095,0.024,11.779,5.493
2991,organic,24,4,4.267,0.469,12,2.416,10.848,8.342,0.056,9.416,4.555
2545,organic,19,4,3.893,0.412,14,3.493,11.14,7.088,0.0,12.084,5.565
322,organic,8,2,4.221,0.403,13,3.956,9.788,6.107,0.049,12.899,4.944
512,organic,33,4,4.645,0.293,13,2.391,11.502,8.841,0.03,14.156,3.365
1872,anomalous,38,2,21.215,0.959,2,0.376,0.598,0.341,0.835,0.524,0.16
907,anomalous,90,2,21.494,0.91,1,0.142,0.341,0.321,0.974,0.208,0.239
2689,organic,10,2,4.026,0.513,10,3.016,12.995,9.607,0.019,9.897,4.454
1794,organic,27,3,5.024,0.579,4,0.858,10.499,8.9,0.053,13.58,4.516
1500,organic,36,5,3.739,0.397,5,0.938,12.772,9.296,0.037,12.353,4.854
344,organic,24,3,4.776,0.514,7,1.609,9.995,6.004,0.068,14.936,5.347
239,organic,8,2,2.362,0.567,6,1.841,13.011,6.287,0.013,13.293,4.078
2926,organic,11,3,4.792,0.455,13,3.369,9.105,6.556,0.074,10.932,5.59
130,anomalous,66,2,18.515,1.0,2,0.359,0.706,0.466,0.903,0.458,0.161
989,organic,16,2,4.884,0.252,13,3.102,10.591,6.632,0.033,11.508,3.989
2790,organic,27,4,3.39,0.431,13,2.779,10.571,8.538,0.042,14.15,4.55
1339,organic,11,4,3.15,0.529,12,3.367,12.47,7.99,0.06,10.999,4.03
1097,organic,15,2,4.958,0.331,13,3.277,10.991,6.93,0.074,13.397,5.81
2292,organic,9,2,4.275,0.301,10,3.02,10.726,8.782,0.0,8.522,3.486
2547,organic,14,2,4.883,0.516,8,2.074,12.325,7.636,0.023,12.095,5.926
2483,anomalous,31,1,28.711,0.923,1,0.215,0.0,0.278,0.763,0.464,0.212
828,anomalous,69,2,18.748,0.88,2,0.33,1.19,0.331,0.789,0.102,0.174
165,organic,19,3,3.312,0.406,10,2.427,10.52,7.205,0.01,10.358,4.819
482,organic,10,3,4.144,0.463,7,1.887,12.549,8.554,0.048,8.765,4.869
1388,organic,8,2,3.888,0.289,5,1.421,11.829,7.071,0.045,9.4,5.191
1773,organic,9,2,3.071,0.389,13,4.048,10.919,7.365,0.039,14.459,3.6
2958,anomalous,128,2,39.874,1.0,1,0.139,1.309,0.369,0.85,0.255,0.247
677,organic,22,3,4.281,0.595,6,1.19,7.751,7.606,0.087,14.942,4.705
1091,organic,8,3,3.039,0.65,5,1.636,12.325,7.275,0.046,11.564,3.132
2967,anomalous,97,2,41.108,0.837,1,0.152,1.279,0.182,0.875,0.643,0.051
1440,organic,10,2,3.776,0.474,10,2.627,12.915,7.381,0.01,8.814,5.792
1949,organic,24,5,4.841,0.294,7,1.421,11.537,9.477,0.052,8.659,5.78
1789,anomalous,60,2,20.842,0.983,1,0.166,1.64,0.201,0.982,0.255,0.083
2585,organic,8,2,2.791,0.541,11,3.187,13.038,6.137,0.0,10.732,5.894
1408,organic,15,4,3.103,0.585,8,2.019,13.291,8.12,0.028,9.942,3.195
406,organic,8,3,2.555,0.369,11,3.102,8.782,8.864,0.015,13.963,3.723
157,organic,12,2,4.563,0.575,10,2.763,6.453,6.911,0.045,14.072,3.917
149,organic,8,3,3.95,0.516,9,2.977,12.833,9.346,0.04,9.576,5.379
150,organic,26,4,3.484,0.412,6,1.171,8.27,6.232,0.044,10.82,5.502
1648,organic,10,2,4.593,0.467,6,1.664,8.096,9.082,0.037,9.669,3.315
2570,anomalous,98,2,42.265,0.933,2,0.331,0.0,0.271,0.97,0.854,0.254
1137,organic,26,5,3.115,0.394,6,1.348,6.811,8.545,0.037,11.15,5.85
133,anomalous,66,1,38.133,0.977,1,0.18,0.243,0.182,0.988,0.297,0.179
2674,organic,23,5,3.001,0.384,14,2.842,11.973,6.621,0.052,10.141,3.429
1607,organic,27,3,4.728,0.347,5,1.086,7.308,6.895,0.023,8.524,3.311
2163,organic,8,4,2.473,0.455,8,2.324,8.379,7.798,0.0,9.583,5.978
1374,organic,9,2,4.629,0.509,14,3.836,9.953,6.415,0.042,10.805,4.654
1274,organic,26,5,4.522,0.415,6,1.366,11.074,7.948,0.02,13.414,5.13
1580,organic,31,5,4.328,0.453,9,1.918,8.776,7.357,0.022,14.184,4.247
938,anomalous,48,1,42.444,0.898,1,0.177,1.061,0.101,0.968,0.426,0.085
2766,organic,29,5,3.954,0.318,13,2.847,13.38,6.487,0.016,9.965,5.357
1249,organic,10,2,3.763,0.435,12,3.118,13.554,6.214,0.061,8.283,3.44
1221,anomalous,105,2,27.9,0.837,2,0.309,1.546,0.191,0.921,0.692,0.222
1389,organic,10,3,3.898,0.621,12,3.452,9.351,6.564,0.0,10.155,3.545
1460,organic,35,4,3.942,0.366,7,1.452,8.103,6.015,0.056,9.68,5.919
2175,organic,27,5,2.84,0.58,12,2.391,12.305,9.32,0.0,11.349,5.048
704,anomalous,95,1,60.535,0.855,1,0.157,1.279,0.265,0.781,0.14,0.198
2229,anomalous,169,2,48.858,0.871,2,0.257,0.783,0.131,0.866,0.793,0.298
378,organic,20,3,3.274,0.433,11,2.343,12.639,6.756,0.031,11.575,3.27
2133,organic,18,4,2.859,0.579,7,1.646,8.597,9.697,0.021,8.423,5.486
1840,anomalous,122,2,39.86,0.985,2,0.274,1.029,0.118,0.965,0.212,0.053
2848,organic,15,3,5.135,0.567,14,3.437,12.432,6.669,0.006,8.321,3.342
2261,organic,38,5,4.158,0.545,12,2.175,8.698,7.045,0.0,10.1,4.323
1749,organic,10,4,3.004,0.425,6,1.828,14.775,7.821,0.0,9.778,5.661
2660,organic,8,2,2.96,0.491,5,1.475,8.881,6.108,0.063,13.949,4.572
313,organic,8,2,3.953,0.411,5,1.36,16.124,7.784,0.085,9.274,5.195
850,organic,18,3,4.098,0.555,4,0.96,10.876,6.78,0.065,10.479,4.45
92,anomalous,41,1,21.916,0.908,1,0.175,0.69,0.441,0.972,0.405,0.183
2762,organic,8,3,2.562,0.372,10,2.919,9.786,9.764,0.069,11.013,5.94
1332,organic,13,3,2.705,0.633,4,1.116,11.028,8.45,0.023,13.895,3.866
71,organic,15,4,2.621,0.56,10,2.396,8.824,9.411,0.0,13.973,3.897
1095,organic,28,3,4.654,0.434,14,2.628,10.343,8.289,0.064,10.775,5.88
987,organic,19,4,3.933,0.628,9,2.176,10.781,7.402,0.044,9.969,3.424
1677,organic,17,4,3.338,0.623,10,2.486,12.963,6.602,0.022,8.687,4.112
2791,anomalous,80,2,23.653,0.947,1,0.162,0.588,0.405,0.877,0.855,0.291
936,organic,25,4,3.221,0.399,8,1.748,14.59,6.988,0.01,10.575,5.694
1084,anomalous,137,2,39.911,0.915,1,0.146,0.0,0.451,0.848,0.356,0.118
560,anomalous,62,2,34.063,0.91,1,0.161,1.125,0.165,0.86,0.836,0.117
627,anomalous,59,2,19.184,0.945,1,0.172,0.0,0.239,0.945,0.16,0.079
2532,anomalous,31,1,30.781,1.0,2,0.381,1.297,0.102,0.844,0.95,0.244
1942,organic,10,2,4.295,0.329,13,3.886,9.899,7.135,0.0,8.574,4.914
1927,organic,17,4,4.099,0.282,10,2.472,9.321,8.881,0.046,10.842,5.356
2663,organic,9,2,4.45,0.356,6,1.856,12.296,7.637,0.033,11.521,3.417
286,organic,11,3,2.54,0.471,6,1.468,13.149,6.663,0.044,14.113,5.081
2558,organic,9,2,3.506,0.443,14,3.909,12.247,6.805,0.056,8.445,3.789
391,organic,25,5,4.142,0.513,4,0.804,10.678,8.929,0.073,9.654,3.85
1811,organic,24,5,2.645,0.37,10,2.193,8.972,9.142,0.016,10.648,3.236
2643,organic,17,3,3.462,0.357,6,1.298,14.191,9.375,0.054,14.774,3.252
2562,organic,14,3,4.425,0.446,10,2.71,10.262,6.964,0.0,10.8,3.822
2514,organic,15,5,2.666,0.588,7,1.873,10.058,6.335,0.04,10.738,3.754
52,organic,12,3,3.022,0.548,10,2.693,10.543,8.61,0.066,13.512,4.647
2286,anomalous,69,1,46.346,0.909,2,0.306,0.382,0.13,0.824,0.585,0.291
883,organic,17,5,2.945,0.395,11,2.596,8.482,8.334,0.014,9.445,5.479
255,anomalous,94,2,34.965,0.884,1,0.152,0.0,0.488,0.777,0.388,0.123
345,organic,23,3,4.53,0.335,9,1.912,7.3,7.757,0.04,11.866,4.229
1923,organic,32,4,4.532,0.477,13,2.64,7.205,8.318,0.066,9.652,4.338
2383,organic,14,3,2.376,0.412,7,1.892,9.772,8.715,0.0,8.06,3.223
704,organic,27,5,2.333,0.414,10,2.104,13.0,7.448,0.0,8.059,3.285
564,anomalous,94,2,51.755,0.894,1,0.147,0.444,0.28,0.88,0.999,0.056
1016,organic,15,3,3.557,0.477,5,1.283,5.617,6.117,0.047,12.381,4.249
2525,organic,28,4,3.323,0.438,8,1.72,15.83,9.615,0.038,11.608,5.15
2005,anomalous,63,2,22.625,0.858,2,0.321,0.595,0.219,0.697,0.138,0.074
405,organic,10,4,2.689,0.285,9,2.494,10.444,8.325,0.0,10.605,3.216
2540,organic,16,5,3.01,0.495,7,1.57,9.187,9.48,0.014,8.021,4.424
1747,anomalous,90,1,49.944,0.91,1,0.164,1.256,0.202,0.76,0.727,0.267
1155,organic,10,2,3.088,0.441,6,1.7,8.82,9.838,0.0,11.403,4.322
1582,anomalous,17,1,19.897,0.977,2,0.46,0.665,0.34,0.858,0.489,0.147
541,organic,12,3,2.975,0.427,5,1.289,10.611,6.018,0.018,9.651,5.401
2413,organic,8,2,4.286,0.395,4,1.184,10.07,9.423,0.057,14.199,4.813
1888,anomalous,130,2,51.364,0.973,1,0.138,0.719,0.447,0.823,0.948,0.269
1690,organic,12,4,3.504,0.554,13,3.273,13.583,9.706,0.01,9.857,5.883
1532,organic,14,2,4.289,0.387,10,2.384,10.939,6.833,0.03,9.715,4.476
186,organic,16,4,3.175,0.617,10,2.558,12.398,8.556,0.091,14.531,3.612
1835,organic,31,5,2.921,0.549,4,0.791,9.982,9.3,0.0,9.078,3.177
74,anomalous,146,2,38.195,0.848,2,0.267,0.0,0.116,0.81,0.159,0.164
2511,organic,21,5,2.653,0.543,10,2.178,8.053,9.483,0.012,10.577,5.43
1124,organic,12,4,3.185,0.4,4,1.109,13.728,6.941,0.014,8.78,3.734
1260,anomalous,99,1,54.691,1.0,1,0.142,0.517,0.38,0.834,0.567,0.289
1887,organic,11,2,5.22,0.508,10,2.547,10.954,8.595,0.073,13.501,3.274
875,anomalous,121,2,55.17,0.92,2,0.286,0.0,0.331,0.805,0.837,0.285
193,anomalous,178,2,52.82,0.936,1,0.145,0.785,0.393,0.89,0.257,0.105
1599,organic,44,5,5.113,0.376,8,1.445,8.36,6.975,0.022,14.371,3.309
2562,anomalous,18,1,22.269,0.937,1,0.232,1.274,0.113,0.808,0.996,0.199
2401,organic,25,5,3.06,0.342,11,2.378,10.774,6.471,0.044,11.322,3.844
1144,organic,27,5,2.817,0.399,13,2.82,10.155,8.131,0.081,9.501,5.784
1239,organic,8,2,3.223,0.526,9,2.562,8.794,9.451,0.039,14.73,5.795
2297,organic,19,4,3.138,0.51,10,2.227,7.163,6.377,0.038,14.026,3.329
1419,organic,14,4,4.203,0.43,10,2.424,9.094,9.969,0.0,10.264,3.969
350,organic,31,5,4.252,0.52,4,0.779,11.263,9.265,0.035,13.308,4.176
1680,organic,10,2,4.677,0.379,9,2.636,9.96,7.46,0.048,8.189,3.309
1121,organic,8,2,3.722,0.386,4,1.158,12.449,6.03,0.0,14.519,4.813
474,organic,11,2,3.322,0.529,12,3.023,11.786,8.815,0.082,9.698,3.823
2236,organic,23,4,3.052,0.497,8,1.889,11.452,6.428,0.104,9.752,5.721
2028,organic,11,2,4.233,0.327,11,2.967,8.903,6.627,0.071,8.04,5.943
2099,organic,28,3,5.109,0.561,10,1.972,14.363,6.387,0.052,12.434,4.142
861,organic,12,4,4.114,0.487,11,3.136,8.688,9.833,0.034,11.108,4.195
1431,organic,16,4,3.858,0.327,8,1.868,11.298,7.773,0.055,8.788,3.324
2300,organic,9,2,4.432,0.311,7,2.083,7.173,9.093,0.065,14.07,3.297
2245,organic,21,5,3.144,0.509,13,2.77,10.558,8.013,0.0,9.408,3.421
1856,anomalous,55,2,18.316,1.0,2,0.334,0.715,0.195,0.817,0.886,0.07
1445,anomalous,67,1,56.477,0.836,1,0.171,1.524,0.268,0.852,0.903,0.184
2424,anomalous,117,2,48.356,0.985,1,0.139,1.221,0.414,0.882,0.346,0.124
45,organic,24,5,4.696,0.511,10,2.302,11.326,6.116,0.016,9.001,5.33
2899,anomalous,110,2,46.043,0.992,2,0.288,1.608,0.347,0.837,0.427,0.204
755,organic,11,2,4.1,0.616,6,1.493,11.061,6.916,0.01,8.867,3.498
616,organic,24,4,3.547,0.376,10,2.207,13.755,6.171,0.049,14.65,4.45
1658,organic,36,5,3.711,0.472,7,1.418,10.507,7.389,0.0,14.309,5.269
670,organic,18,3,3.038,0.38,5,1.229,11.368,8.404,0.039,13.552,3.467
2621,organic,13,3,4.1,0.397,6,1.45,13.097,8.586,0.063,8.971,4.64
98,organic,31,5,3.347,0.326,4,0.787,9.726,8.529,0.039,14.453,3.957
2215,anomalous,125,2,46.834,0.93,1,0.132,0.959,0.134,0.86,0.22,0.169
2060,organic,8,3,3.484,0.423,12,3.684,9.764,6.85,0.077,9.607,5.522
905,anomalous,216,2,54.926,0.955,1,0.121,0.717,0.29,0.818,0.676,0.07
2985,organic,16,4,3.542,0.495,11,2.512,14.648,9.23,0.0,10.54,5.548
338,organic,15,3,3.154,0.324,9,2.227,11.596,7.82,0.035,10.007,5.599
2994,organic,13,2,4.43,0.426,6,1.531,9.111,8.205,0.052,12.969,4.357
1096,organic,28,4,4.133,0.529,5,1.059,10.451,6.902,0.0,14.701,4.967
1939,organic,35,5,4.388,0.424,10,2.084,13.088,8.682,0.067,13.412,4.827
465,organic,15,4,5.01,0.438,7,1.622,14.82,6.7,0.012,9.159,4.976
1228,organic,8,4,2.982,0.338,11,3.103,15.88,9.004,0.0,8.248,5.718
2882,organic,31,4,4.804,0.355,13,2.473,8.917,8.665,0.006,9.86,5.701
2489,anomalous,55,2,17.566,0.799,1,0.182,1.775,0.433,0.932,0.916,0.099
2933,organic,8,2,4.512,0.333,8,2.253,9.37,8.515,0.051,13.132,3.228
2935,organic,17,3,4.454,0.593,13,3.185,13.293,8.254,0.004,11.205,3.595
1345,organic,17,5,4.373,0.599,4,0.934,13.949,6.017,0.0,13.343,4.253
2795,anomalous,108,2,34.171,0.901,2,0.283,0.932,0.195,0.878,0.525,0.112
341,anomalous,60,2,22.546,0.888,2,0.325,0.63,0.348,0.952,0.152,0.263
1615,organic,13,4,4.798,0.53,12,3.165,15.168,8.23,0.0,14.167,4.927
1238,organic,18,3,4.526,0.348,9,2.007,11.005,8.245,0.02,8.348,3.557
2664,organic,25,5,2.753,0.494,14,3.171,12.409,8.939,0.073,11.771,5.321
233,anomalous,40,1,51.132,0.946,1,0.176,1.506,0.434,0.757,0.121,0.064
1453,organic,22,4,3.593,0.436,7,1.47,7.659,6.442,0.054,9.652,3.344
246,organic,21,5,3.918,0.439,10,2.266,9.279,8.341,0.0,13.042,4.925
990,organic,8,2,4.587,0.497,12,3.957,12.987,8.555,0.041,12.178,5.246
1302,organic,8,2,4.096,0.318,10,3.21,11.3,9.17,0.0,8.34,4.861
1304,organic,22,3,4.301,0.434,4,0.924,12.322,9.405,0.022,9.883,5.956
1932,organic,17,5,4.004,0.518,10,2.355,9.884,8.929,0.0,14.95,4.405
1989,organic,27,4,2.778,0.329,5,1.015,9.59,8.248,0.053,8.425,4.47
101,organic,11,3,3.8,0.469,5,1.449,9.74,8.652,0.012,10.286,3.593
2197,organic,40,5,4.503,0.493,9,1.79,12.019,9.512,0.044,14.23,4.154
1368,organic,11,2,3.754,0.497,9,2.408,6.995,7.922,0.001,12.669,4.817
1511,organic,8,2,2.669,0.363,5,1.383,10.985,7.388,0.031,8.429,5.612
56,anomalous,122,1,60.096,0.876,2,0.268,1.566,0.255,0.959,0.11,0.102
1110,anomalous,28,1,30.372,0.925,2,0.4,0.59,0.413,0.856,0.839,0.094
64,organic,12,3,3.059,0.475,4,1.152,12.0,8.394,0.003,9.946,5.109
2596,anomalous,33,1,16.548,0.919,1,0.176,1.891,0.283,0.777,0.984,0.111
2864,organic,12,2,3.442,0.33,6,1.65,11.98,7.222,0.074,13.677,4.307
2887,anomalous,45,2,30.137,0.992,1,0.177,0.18,0.257,0.858,0.479,0.249
523,organic,13,4,3.315,0.483,9,2.354,12.009,9.678,0.015,14.154,4.889
659,organic,10,2,2.827,0.39,11,3.072,8.485,6.627,0.06,14.664,3.458
75,organic,23,5,3.011,0.446,7,1.457,10.797,6.448,0.014,8.009,4.525
2450,organic,8,2,2.775,0.398,4,1.09,15.408,6.671,0.095,9.312,3.018
1678,organic,27,5,2.902,0.524,7,1.483,9.743,7.743,0.048,8.005,4.503
593,organic,22,2,4.915,0.296,12,2.481,11.409,9.012,0.026,12.266,3.429
1510,organic,19,5,4.048,0.404,14,3.076,9.165,6.258,0.0,9.042,3.084
2610,anomalous,26,1,15.32,0.974,1,0.222,0.697,0.277,0.939,0.931,0.218
586,organic,15,5,2.763,0.424,12,3.171,11.601,8.138,0.059,13.246,3.873
2529,organic,17,3,2.893,0.363,5,1.246,11.882,8.495,0.0,12.888,3.47
486,anomalous,93,2,46.826,0.83,1,0.167,0.457,0.45,0.999,0.142,0.24
1308,organic,8,2,4.36,0.428,10,3.107,10.554,9.42,0.032,8.58,5.977
564,organic,15,2,3.486,0.363,5,1.299,14.475,8.741,0.018,8.744,5.22
1303,anomalous,25,1,15.158,0.977,1,0.229,1.771,0.113,0.76,0.408,0.114
283,organic,9,2,3.541,0.559,6,1.904,10.027,9.74,0.025,13.851,3.225
876,organic,16,5,4.833,0.454,7,1.52,11.637,6.796,0.0,13.241,5.177
1260,organic,22,5,3.488,0.585,11,2.323,13.586,7.729,0.054,13.711,5.271
2941,organic,26,4,3.511,0.596,8,1.574,11.317,7.32,0.06,9.52,4.861
778,anomalous,79,1,53.301,0.966,2,0.342,1.442,0.387,0.742,0.242,0.083
2695,organic,8,2,3.599,0.52,12,3.571,12.44,9.887,0.016,9.867,4.537
1015,organic,11,3,3.357,0.532,5,1.357,7.687,8.432,0.046,12.614,4.392
993,anomalous,52,2,27.395,0.98,2,0.32,0.219,0.216,1.0,0.605,0.14
1713,organic,8,2,3.54,0.369,4,1.124,11.003,9.388,0.072,11.507,5.354
223,organic,9,4,2.503,0.418,10,2.815,7.638,9.799,0.012,14.134,3.409
1231,anomalous,69,1,58.572,0.888,2,0.294,0.976,0.147,0.975,0.633,0.212
1581,anomalous,146,2,45.638,0.975,2,0.26,1.226,0.445,0.792,0.514,0.209
2880,organic,13,3,2.655,0.484,5,1.303,11.999,9.158,0.032,8.944,5.454
2668,organic,16,5,3.063,0.577,4,0.893,8.938,9.766,0.002,8.383,3.136
248,anomalous,109,2,46.765,0.942,2,0.268,1.207,0.279,1.0,0.751,0.18
765,organic,35,5,3.177,0.374,12,2.216,14.606,7.218,0.0,12.659,3.391
2959,anomalous,98,1,54.497,0.941,2,0.297,0.81,0.363,0.803,0.13,0.232
83,organic,22,5,4.039,0.402,12,2.362,13.701,8.268,0.025,14.884,4.258
2979,organic,21,4,4.852,0.298,14,3.277,11.619,6.51,0.0,11.19,3.875
2396,organic,17,4,3.863,0.329,5,1.224,8.428,6.965,0.03,13.042,5.763
2505,organic,18,3,5.088,0.349,13,3.054,13.225,9.432,0.094,10.0,3.397
2484,organic,17,4,4.637,0.492,11,2.603,11.354,9.584,0.009,9.326,4.187
2526,anomalous,65,1,40.695,0.88,2,0.332,0.256,0.278,0.741,0.798,0.068
2360,organic,10,3,3.881,0.61,4,1.045,17.028,6.106,0.027,14.437,5.87
2276,organic,15,4,3.241,0.519,6,1.592,9.744,7.731,0.035,9.162,5.662
868,organic,13,2,4.178,0.523,11,2.945,10.026,9.79,0.0,9.715,4.461
1254,organic,10,4,2.953,0.346,11,3.276,9.335,7.817,0.102,10.996,5.613
532,organic,25,3,4.142,0.506,10,2.082,13.449,8.253,0.03,8.16,4.843
1969,anomalous,35,1,45.909,0.927,1,0.174,0.839,0.356,0.874,0.686,0.21
2808,organic,11,3,4.642,0.577,14,3.607,12.647,9.374,0.006,8.168,4.644
1544,organic,20,2,4.602,0.595,8,1.75,11.268,7.792,0.071,14.687,5.389
2971,organic,22,3,4.482,0.315,8,1.662,9.082,8.398,0.043,13.025,3.073
145,organic,29,4,4.984,0.309,5,1.051,10.658,6.791,0.0,11.706,5.648
110,anomalous,114,2,28.836,0.958,1,0.141,0.938,0.241,0.912,0.849,0.255
1285,anomalous,69,1,50.885,0.878,1,0.148,1.657,0.493,0.791,0.593,0.198
2741,organic,21,4,3.563,0.414,7,1.481,12.201,7.479,0.0,10.308,4.099
1246,organic,8,2,2.281,0.432,6,1.876,10.09,6.703,0.0,9.556,4.046
699,anomalous,89,1,54.409,0.98,2,0.28,1.208,0.477,0.999,0.602,0.169
2812,organic,18,5,3.979,0.372,6,1.254,10.943,6.923,0.022,13.531,3.674
2286,organic,13,3,3.862,0.434,13,3.171,13.307,6.466,0.0,8.889,5.198
800,anomalous,52,1,37.415,1.0,2,0.325,2.326,0.101,0.778,0.262,0.245
1973,organic,8,2,3.072,0.604,9,2.851,9.287,7.964,0.002,10.154,5.215
2560,organic,9,2,4.82,0.401,13,4.117,11.763,8.674,0.0,8.578,3.966
655,organic,16,5,3.772,0.61,6,1.556,10.938,9.874,0.052,14.235,5.159
2851,organic,40,5,4.685,0.434,9,1.67,12.106,6.403,0.05,9.745,4.102
2785,organic,15,3,3.045,0.358,7,1.879,13.249,7.784,0.025,13.406,3.953
1259,organic,8,3,2.557,0.273,8,2.21,11.414,8.761,0.018,13.862,5.881
1179,organic,20,2,4.342,0.372,4,0.908,9.998,9.751,0.011,11.662,5.906
614,anomalous,38,1,45.449,0.936,2,0.344,0.128,0.283,0.766,0.487,0.21
2919,anomalous,45,1,54.148,1.0,2,0.359,0.927,0.473,0.995,0.414,0.243
1577,organic,20,3,3.492,0.341,8,1.618,13.129,6.788,0.067,14.615,4.756
1370,organic,25,4,4.146,0.433,5,0.998,10.021,6.317,0.0,13.45,3.864
269,organic,42,5,4.693,0.496,12,2.152,15.836,7.681,0.026,13.212,4.359
1515,organic,26,5,3.584,0.529,8,1.697,14.145,8.042,0.01,14.619,4.903
2897,anomalous,67,1,42.84,0.959,2,0.321,0.656,0.186,0.84,0.475,0.24
188,organic,17,3,4.175,0.43,8,1.863,13.973,7.334,0.0,8.891,3.566
2890,organic,11,2,3.618,0.557,9,2.561,11.212,7.318,0.011,8.115,3.34
2503,organic,9,3,2.867,0.457,11,3.337,10.696,7.201,0.027,10.524,5.06
2240,anomalous,85,2,48.908,0.831,2,0.311,1.439,0.5,0.929,0.931,0.219
547,organic,30,4,3.147,0.48,14,2.771,14.596,9.14,0.029,10.15,4.825
14,organic,15,3,3.97,0.437,14,3.696,11.018,7.326,0.0,11.072,3.065
943,anomalous,64,2,35.238,0.879,1,0.161,0.887,0.214,1.0,0.152,0.13
1750,organic,12,2,4.68,0.567,14,3.811,13.39,7.629,0.029,14.406,5.228
222,organic,26,5,4.814,0.412,9,1.818,12.06,6.351,0.0,14.507,5.842
112,anomalous,34,1,36.432,0.787,1,0.18,0.32,0.41,0.751,0.687,0.256
510,organic,24,5,3.604,0.4,7,1.458,13.241,7.361,0.064,13.918,3.327
2044,organic,30,4,4.897,0.513,4,0.813,5.809,9.607,0.016,13.165,5.697
495,organic,23,5,2.535,0.46,7,1.631,15.277,7.64,0.0,14.413,4.03
76,anomalous,40,1,27.713,0.968,2,0.353,0.0,0.441,0.966,0.246,0.243
1227,organic,15,5,3.096,0.565,7,1.641,9.84,9.447,0.039,11.353,3.512
2640,organic,34,5,4.019,0.558,9,1.82,11.234,9.826,0.054,13.828,3.878
1195,organic,19,3,5.072,0.378,13,3.029,12.238,8.9,0.014,10.723,3.371
398,organic,22,5,4.536,0.449,11,2.387,10.12,9.252,0.039,11.829,5.46
2749,organic,13,2,4.295,0.35,6,1.663,14.111,9.015,0.009,11.893,3.136
1883,organic,24,5,4.69,0.563,13,2.836,10.583,7.452,0.052,9.488,5.889
1557,organic,13,3,3.274,0.368,10,2.558,9.819,7.505,0.051,10.33,3.024
2471,organic,16,5,2.723,0.411,4,0.876,12.523,7.447,0.069,8.545,4.568
1775,organic,23,3,4.567,0.427,5,1.154,12.231,7.204,0.0,10.447,5.996
2387,organic,14,4,3.753,0.395,11,2.791,9.742,7.023,0.0,10.315,5.805
608,anomalous,45,2,20.417,1.0,2,0.385,0.667,0.307,1.0,0.125,0.244
188,anomalous,25,1,23.455,0.827,2,0.416,0.978,0.333,0.786,0.864,0.089
1588,organic,16,3,4.068,0.403,14,3.295,12.326,8.83,0.0,8.34,4.924
1748,anomalous,56,2,22.526,1.0,1,0.188,0.0,0.169,0.999,0.596,0.141
1790,anomalous,53,2,24.062,0.905,1,0.161,1.52,0.334,0.844,0.536,0.216
1673,organic,12,2,3.398,0.613,11,3.147,13.138,7.445,0.0,14.656,5.884
609,organic,14,2,3.496,0.53,5,1.191,11.871,6.535,0.04,8.734,4.587
1424,organic,11,3,2.817,0.503,8,2.039,11.066,6.278,0.029,11.5,3.448
106,organic,14,3,3.27,0.511,7,1.846,9.597,6.03,0.0,13.583,5.518
2751,organic,10,4,3.008,0.332,12,3.174,12.038,8.91,0.043,9.037,3.226
1277,organic,26,4,3.906,0.443,9,1.974,13.453,8.398,0.026,12.585,3.437
2655,organic,20,3,4.048,0.466,6,1.294,10.909,9.802,0.023,9.627,3.259
473,anomalous,76,2,20.306,0.86,1,0.166,0.948,0.297,0.852,0.347,0.295
2416,organic,12,3,3.436,0.439,5,1.351,10.303,7.897,0.053,11.447,5.699
2083,anomalous,59,2,37.454,0.935,2,0.338,1.049,0.327,0.843,0.281,0.051
45,anomalous,166,2,46.37,0.899,1,0.127,1.287,0.471,0.918,0.728,0.259
117,organic,11,2,3.037,0.262,9,2.241,10.47,8.442,0.0,14.219,5.789
2586,organic,11,2,3.985,0.536,12,3.311,8.067,8.267,0.071,9.654,5.802
521,organic,40,5,4.397,0.358,12,2.006,12.107,7.331,0.0,9.328,5.758
1235,organic,10,3,2.92,0.546,6,1.754,10.286,8.988,0.014,14.957,3.163
2106,organic,36,5,4.835,0.532,4,0.755,9.308,9.482,0.046,12.664,3.419
2391,organic,22,4,4.417,0.409,13,2.591,12.076,6.359,0.033,11.357,5.37
1104,organic,8,4,2.45,0.393,10,3.264,15.005,9.794,0.012,10.134,4.414
243,organic,27,5,3.073,0.478,7,1.449,9.398,7.668,0.0,11.41,3.322
1469,organic,8,3,3.002,0.383,8,2.181,11.291,6.964,0.0,10.109,5.022
539,anomalous,81,1,53.552,0.965,2,0.33,0.394,0.37,0.996,0.977,0.161
813,organic,8,3,2.696,0.368,13,4.221,13.166,8.732,0.0,10.094,3.965
1730,organic,13,4,3.245,0.593,11,2.62,11.438,8.571,0.02,8.414,5.448
1881,organic,24,5,3.662,0.398,11,2.55,6.145,7.154,0.003,10.44,3.984
2216,anomalous,41,1,32.292,0.999,2,0.4,1.122,0.468,0.924,0.803,0.187
433,organic,10,5,2.88,0.573,9,2.347,11.925,9.344,0.044,11.634,3.352
2032,anomalous,98,2,27.004,0.957,1,0.162,0.0,0.32,0.91,0.463,0.22
60,organic,15,3,3.646,0.331,9,2.199,9.26,6.179,0.0,10.044,4.471
382,organic,11,4,2.991,0.32,5,1.272,11.1,8.596,0.054,10.907,3.82
2192,organic,23,4,3.548,0.407,11,2.349,14.472,8.701,0.026,14.192,5.343
2191,organic,19,5,3.246,0.309,13,3.2,12.32,9.882,0.0,13.719,3.058
1069,organic,12,2,3.562,0.457,13,3.436,13.903,9.53,0.0,13.157,3.876
2854,organic,8,2,4.587,0.316,11,3.544,10.667,7.951,0.04,13.554,5.85
2382,organic,36,4,4.618,0.659,14,2.495,11.853,6.111,0.0,8.522,5.413
33,anomalous,58,2,17.875,0.974,2,0.345,1.397,0.337,0.98,0.816,0.287
2849,organic,20,3,3.703,0.409,11,2.317,13.025,7.356,0.0,12.231,5.711
577,anomalous,47,1,36.615,0.936,2,0.364,0.08,0.361,0.885,0.304,0.16
950,organic,8,2,3.901,0.479,4,1.277,9.932,6.107,0.018,8.393,4.594
252,organic,32,4,4.225,0.278,10,1.807,8.688,8.13,0.031,11.238,4.259
1692,anomalous,145,2,53.325,0.858,1,0.135,0.775,0.365,1.0,0.823,0.105
2574,organic,14,4,3.45,0.485,8,1.889,12.039,9.601,0.0,8.848,3.194
1350,organic,31,5,3.355,0.497,7,1.487,8.46,8.699,0.062,13.906,4.599
166,anomalous,128,2,58.09,1.0,1,0.134,0.033,0.4,0.886,0.88,0.237
1714,organic,20,4,4.625,0.479,6,1.474,10.422,9.617,0.03,9.272,5.398
2118,organic,21,5,3.561,0.384,10,2.034,12.132,6.976,0.0,12.448,5.146
71,anomalous,62,1,48.194,0.883,2,0.326,1.654,0.155,0.888,0.998,0.225
758,organic,10,3,2.55,0.48,8,2.245,9.734,7.708,0.0,12.657,3.651
1994,organic,21,5,4.38,0.491,10,2.283,10.212,7.448,0.036,12.989,3.353
2772,organic,39,4,4.441,0.382,7,1.246,17.419,9.899,0.053,14.154,5.663
417,organic,8,2,3.727,0.561,5,1.474,9.245,7.794,0.012,13.948,3.879
2888,organic,9,3,2.928,0.577,9,2.788,9.197,6.871,0.046,14.682,5.126
2218,organic,19,4,5.229,0.418,10,2.274,11.608,7.343,0.0,11.486,5.809
754,anomalous,28,1,18.508,0.759,1,0.224,1.153,0.487,0.882,0.125,0.057
2606,anomalous,23,1,21.014,0.992,1,0.235,1.078,0.331,0.824,0.885,0.067
2598,organic,23,4,4.009,0.266,14,3.128,13.663,7.69,0.024,13.334,3.213
2109,organic,9,4,2.708,0.298,14,4.215,12.165,6.108,0.026,13.632,5.318
1751,anomalous,37,2,21.134,1.0,2,0.384,0.398,0.21,0.711,0.99,0.245
2617,organic,14,5,2.546,0.574,7,1.769,9.793,9.901,0.02,10.841,4.773
1643,organic,9,2,2.97,0.371,14,4.089,10.749,6.509,0.051,8.021,4.627
433,anomalous,155,2,49.458,0.84,2,0.257,0.83,0.38,0.809,0.504,0.078
2964,organic,24,3,4.072,0.521,10,2.108,10.461,6.694,0.03,12.614,5.728
2293,organic,23,3,4.203,0.604,10,2.251,11.777,8.565,0.064,9.081,4.356
366,organic,27,5,3.763,0.34,10,1.925,7.648,9.218,0.0,9.936,3.091
2742,organic,14,5,3.779,0.439,12,2.877,7.65,7.075,0.065,9.135,5.796
2277,anomalous,70,2,39.007,1.0,2,0.307,1.74,0.403,0.929,0.72,0.13
1877,organic,30,4,4.282,0.524,9,1.909,12.975,6.114,0.027,14.317,3.013
2274,organic,17,4,3.31,0.393,14,3.522,10.516,6.048,0.001,11.718,4.428
2796,anomalous,209,2,58.57,0.998,1,0.124,0.661,0.211,0.902,0.165,0.052
1102,anomalous,212,2,47.897,0.881,1,0.135,0.565,0.455,0.733,0.298,0.222
700,organic,10,3,2.621,0.323,11,3.088,14.468,9.917,0.035,11.209,4.482
1694,organic,17,3,3.917,0.539,6,1.334,9.812,6.232,0.043,8.303,3.383
1828,organic,15,4,3.607,0.51,4,0.895,7.666,9.145,0.0,10.306,4.072
1307,organic,25,4,4.716,0.497,11,2.544,8.967,6.56,0.014,14.209,4.93
827,organic,18,3,4.956,0.471,12,2.968,9.245,7.613,0.075,10.056,5.054
254,organic,29,5,3.515,0.337,10,2.095,12.564,9.61,0.017,12.419,4.86
2942,organic,11,3,4.077,0.349,8,2.05,9.705,8.567,0.023,12.878,4.291
1975,organic,15,4,4.579,0.383,14,3.31,10.438,7.29,0.023,9.237,3.792
851,anomalous,30,1,19.753,0.872,1,0.19,0.943,0.381,0.951,0.856,0.195
1647,organic,8,2,3.941,0.424,6,1.858,8.278,7.392,0.102,12.565,3.309
615,organic,20,5,3.299,0.56,11,2.711,9.537,8.483,0.041,10.699,3.14
1537,anomalous,195,2,52.687,0.91,1,0.124,1.367,0.415,0.984,0.85,0.293
2140,organic,30,4,4.765,0.411,14,2.959,5.984,6.856,0.107,11.968,4.168
22,organic,33,5,3.588,0.502,7,1.257,13.789,7.146,0.123,8.174,4.666
1331,anomalous,41,1,24.894,0.813,1,0.17,1.105,0.31,0.928,0.194,0.261
1165,organic,9,2,2.601,0.513,8,2.341,10.036,9.057,0.04,8.996,5.009
2251,anomalous,81,2,29.981,0.883,2,0.301,1.154,0.145,0.922,0.657,0.2
2777,anomalous,87,1,52.526,0.811,2,0.305,0.0,0.213,0.902,0.221,0.228
1993,organic,25,4,4.212,0.514,11,2.183,8.673,7.8,0.047,13.574,4.048
1557,anomalous,50,1,28.162,0.935,2,0.331,1.473,0.463,1.0,0.877,0.13
301,organic,11,4,2.985,0.622,14,3.839,8.311,8.369,0.008,11.801,3.961
2625,organic,8,2,3.543,0.401,11,3.612,10.276,6.608,0.058,11.192,4.758
1214,anomalous,65,1,36.883,0.932,2,0.333,0.679,0.312,0.996,0.92,0.18
978,anomalous,152,2,52.761,0.933,2,0.291,0.831,0.221,0.865,0.258,0.097
1412,organic,13,4,3.018,0.371,12,2.957,12.51,7.45,0.04,13.599,3.54
1330,anomalous,68,1,40.244,0.976,1,0.159,0.485,0.308,0.882,0.776,0.257
1871,organic,16,2,3.469,0.509,5,1.144,11.205,9.871,0.01,13.002,5.936
468,organic,13,3,3.621,0.603,4,1.006,11.091,7.82,0.073,11.223,3.392
2047,organic,10,2,5.004,0.344,10,2.577,13.583,8.328,0.0,13.266,5.321
646,organic,22,3,4.025,0.483,9,1.779,10.748,8.709,0.036,10.029,3.094
1545,organic,16,3,3.268,0.415,10,2.387,15.355,8.925,0.011,10.737,5.071
698,organic,23,5,2.738,0.544,13,2.805,11.623,7.908,0.021,13.913,4.103
2266,organic,22,5,2.872,0.49,7,1.612,9.275,8.17,0.03,14.132,3.507
2129,organic,8,3,3.158,0.364,7,2.064,13.274,8.802,0.067,9.844,3.241
1016,anomalous,110,1,63.017,0.962,2,0.323,1.269,0.231,0.836,0.719,0.062
2091,organic,10,2,4.291,0.518,5,1.342,10.257,7.742,0.0,11.539,3.478
2870,organic,10,2,4.35,0.516,11,3.271,10.345,7.059,0.07,10.201,5.98
454,organic,13,4,3.954,0.541,12,3.282,9.994,6.105,0.019,10.241,3.675
1861,organic,33,5,3.606,0.306,7,1.465,10.128,8.577,0.037,9.851,3.913
2601,organic,16,3,3.747,0.482,6,1.329,16.518,8.685,0.056,10.395,3.048
279,organic,26,5,2.783,0.491,8,1.574,12.323,7.551,0.114,12.967,4.405
328,organic,9,2,3.601,0.466,8,2.23,7.648,6.657,0.0,14.679,3.855
601,organic,14,2,4.071,0.588,9,2.352,10.194,7.656,0.046,13.322,4.693
386,anomalous,81,2,34.013,0.939,1,0.158,0.499,0.407,0.884,0.585,0.058
1485,organic,30,4,4.864,0.405,7,1.363,10.977,8.654,0.014,13.474,3.815
2497,organic,20,5,4.071,0.437,12,2.535,11.017,6.652,0.005,13.947,5.873
1536,organic,20,5,3.302,0.486,11,2.442,8.817,8.591,0.0,8.378,5.81
2544,organic,46,5,4.667,0.37,12,2.113,13.685,8.962,0.047,9.102,3.831
1155,anomalous,148,2,42.731,1.0,1,0.133,0.771,0.354,0.782,0.972,0.273
666,organic,19,5,3.37,0.466,5,1.092,10.425,6.206,0.076,12.927,3.853
919,organic,29,5,4.267,0.498,4,0.88,8.804,6.364,0.033,14.819,3.594
1844,organic,20,4,4.497,0.332,6,1.286,9.271,6.379,0.0,10.697,3.05
2335,organic,20,2,4.623,0.472,12,2.555,11.13,7.988,0.064,14.017,4.466
2690,anomalous,26,1,32.862,0.847,1,0.194,0.934,0.496,0.954,0.499,0.187
329,organic,25,4,4.146,0.459,5,1.011,13.071,7.084,0.0,8.261,5.412
605,organic,18,4,4.512,0.403,14,3.079,11.06,6.173,0.049,12.07,4.541
1745,organic,19,4,3.247,0.32,6,1.412,9.85,6.115,0.049,11.004,4.363
1346,organic,8,2,4.82,0.356,5,1.367,8.049,7.782,0.038,12.65,4.594
1100,organic,15,3,2.494,0.516,7,1.824,13.03,8.942,0.026,10.535,3.139
1010,organic,37,4,4.432,0.405,6,1.18,10.568,6.375,0.025,10.939,4.762
2329,organic,15,4,3.577,0.337,6,1.348,10.957,7.9,0.049,10.368,5.33
1716,anomalous,185,2,59.842,0.875,2,0.283,2.243,0.497,0.838,0.585,0.093
2219,anomalous,104,1,44.745,0.886,2,0.277,0.239,0.464,0.783,0.724,0.094
2862,organic,21,4,4.881,0.521,13,2.996,14.378,6.681,0.0,11.477,5.348
2799,organic,29,4,4.768,0.415,8,1.585,11.548,8.96,0.043,14.191,4.077
2951,organic,11,2,4.659,0.516,14,3.746,7.087,6.531,0.075,10.243,5.794
127,organic,23,4,4.573,0.508,8,1.694,12.91,8.258,0.029,12.25,4.275
1700,anomalous,68,2,20.997,0.876,1,0.154,2.404,0.247,0.829,0.305,0.185
2105,organic,15,5,2.647,0.615,8,1.791,15.138,8.725,0.065,10.686,5.331
1655,organic,22,4,4.198,0.434,7,1.479,10.107,9.716,0.05,14.03,5.476
1927,anomalous,49,1,37.715,0.849,2,0.379,1.242,0.217,0.938,0.677,0.071
1583,anomalous,150,2,37.936,0.991,1,0.151,0.334,0.486,0.767,0.509,0.09
